,Reads_Sequenced,p_detect
0,0,0.0
1,1,0.0
2,2,0.003
3,3,0.003
4,4,0.003
5,5,0.005
6,6,0.006
7,7,0.007
8,8,0.007
9,9,0.007
10,10,0.007
11,11,0.008
12,12,0.008
13,13,0.008
14,14,0.01
15,15,0.01
16,16,0.011
17,17,0.011
18,18,0.011
19,19,0.014
20,20,0.014
21,21,0.014
22,22,0.017
23,23,0.018
24,24,0.021
25,25,0.023
26,26,0.023
27,27,0.026
28,28,0.026
29,29,0.028
30,30,0.03
31,31,0.03
32,32,0.033
33,33,0.033
34,34,0.036
35,35,0.037
36,36,0.037
37,37,0.043
38,38,0.047
39,39,0.048
40,40,0.049
41,41,0.05
42,42,0.056
43,43,0.057
44,44,0.059
45,45,0.063
46,46,0.065
47,47,0.065
48,48,0.068
49,49,0.068
50,50,0.071
51,51,0.072
52,52,0.076
53,53,0.079
54,54,0.086
55,55,0.087
56,56,0.087
57,57,0.096
58,58,0.097
59,59,0.101
60,60,0.102
61,61,0.102
62,62,0.106
63,63,0.117
64,64,0.122
65,65,0.125
66,66,0.126
67,67,0.126
68,68,0.128
69,69,0.136
70,70,0.147
71,71,0.148
72,72,0.153
73,73,0.157
74,74,0.158
75,75,0.161
76,76,0.162
77,77,0.165
78,78,0.166
79,79,0.177
80,80,0.181
81,81,0.183
82,82,0.186
83,83,0.188
84,84,0.192
85,85,0.198
86,86,0.207
87,87,0.208
88,88,0.212
89,89,0.216
90,90,0.224
91,91,0.226
92,92,0.228
93,93,0.231
94,94,0.235
95,95,0.239
96,96,0.246
97,97,0.247
98,98,0.248
99,99,0.258
100,100,0.266
101,101,0.269
102,102,0.27
103,103,0.27
104,104,0.27
105,105,0.272
106,106,0.272
107,107,0.272
108,108,0.272
109,109,0.273
110,110,0.273
111,111,0.273
112,112,0.274
113,113,0.274
114,114,0.274
115,115,0.275
116,116,0.276
117,117,0.277
118,118,0.277
119,119,0.28
120,120,0.28
121,121,0.28
122,122,0.281
123,123,0.284
124,124,0.286
125,125,0.286
126,126,0.286
127,127,0.289
128,128,0.289
129,129,0.289
130,130,0.29
131,131,0.29
132,132,0.296
133,133,0.296
134,134,0.299
135,135,0.3
136,136,0.3
137,137,0.306
138,138,0.306
139,139,0.306
140,140,0.307
141,141,0.307
142,142,0.312
143,143,0.312
144,144,0.312
145,145,0.312
146,146,0.313
147,147,0.313
148,148,0.314
149,149,0.315
150,150,0.315
151,151,0.317
152,152,0.32
153,153,0.321
154,154,0.327
155,155,0.328
156,156,0.329
157,157,0.336
158,158,0.337
159,159,0.339
160,160,0.339
161,161,0.34
162,162,0.345
163,163,0.346
164,164,0.353
165,165,0.357
166,166,0.359
167,167,0.36
168,168,0.364
169,169,0.368
170,170,0.37
171,171,0.372
172,172,0.379
173,173,0.381
174,174,0.386
175,175,0.387
176,176,0.388
177,177,0.389
178,178,0.391
179,179,0.396
180,180,0.398
181,181,0.399
182,182,0.4
183,183,0.4
184,184,0.402
185,185,0.404
186,186,0.409
187,187,0.41
188,188,0.415
189,189,0.42
190,190,0.425
191,191,0.428
192,192,0.432
193,193,0.436
194,194,0.441
195,195,0.448
196,196,0.451
197,197,0.455
198,198,0.457
199,199,0.465
200,200,0.471
201,201,0.473
202,202,0.475
203,203,0.475
204,204,0.475
205,205,0.475
206,206,0.477
207,207,0.477
208,208,0.477
209,209,0.477
210,210,0.477
211,211,0.479
212,212,0.479
213,213,0.479
214,214,0.479
215,215,0.479
216,216,0.479
217,217,0.479
218,218,0.479
219,219,0.479
220,220,0.479
221,221,0.479
222,222,0.481
223,223,0.482
224,224,0.482
225,225,0.482
226,226,0.482
227,227,0.482
228,228,0.482
229,229,0.485
230,230,0.485
231,231,0.485
232,232,0.486
233,233,0.486
234,234,0.488
235,235,0.489
236,236,0.489
237,237,0.492
238,238,0.494
239,239,0.495
240,240,0.495
241,241,0.496
242,242,0.5
243,243,0.5
244,244,0.5
245,245,0.5
246,246,0.5
247,247,0.501
248,248,0.502
249,249,0.502
250,250,0.502
251,251,0.502
252,252,0.502
253,253,0.503
254,254,0.505
255,255,0.505
256,256,0.506
257,257,0.506
258,258,0.507
259,259,0.509
260,260,0.51
261,261,0.51
262,262,0.514
263,263,0.515
264,264,0.517
265,265,0.522
266,266,0.523
267,267,0.523
268,268,0.523
269,269,0.524
270,270,0.528
271,271,0.53
272,272,0.537
273,273,0.538
274,274,0.539
275,275,0.539
276,276,0.541
277,277,0.544
278,278,0.547
279,279,0.55
280,280,0.551
281,281,0.552
282,282,0.553
283,283,0.553
284,284,0.554
285,285,0.557
286,286,0.558
287,287,0.558
288,288,0.561
289,289,0.562
290,290,0.563
291,291,0.564
292,292,0.565
293,293,0.57
294,294,0.574
295,295,0.577
296,296,0.586
297,297,0.586
298,298,0.589
299,299,0.593
300,300,0.601
301,301,0.604
302,302,0.604
303,303,0.604
304,304,0.604
305,305,0.607
306,306,0.607
307,307,0.607
308,308,0.607
309,309,0.607
310,310,0.607
311,311,0.607
312,312,0.607
313,313,0.608
314,314,0.608
315,315,0.608
316,316,0.608
317,317,0.609
318,318,0.609
319,319,0.609
320,320,0.609
321,321,0.609
322,322,0.61
323,323,0.61
324,324,0.61
325,325,0.61
326,326,0.61
327,327,0.61
328,328,0.61
329,329,0.611
330,330,0.613
331,331,0.613
332,332,0.614
333,333,0.614
334,334,0.616
335,335,0.616
336,336,0.616
337,337,0.616
338,338,0.617
339,339,0.618
340,340,0.619
341,341,0.619
342,342,0.62
343,343,0.62
344,344,0.62
345,345,0.62
346,346,0.62
347,347,0.62
348,348,0.62
349,349,0.62
350,350,0.621
351,351,0.621
352,352,0.622
353,353,0.625
354,354,0.63
355,355,0.632
356,356,0.632
357,357,0.636
358,358,0.637
359,359,0.638
360,360,0.638
361,361,0.638
362,362,0.639
363,363,0.641
364,364,0.645
365,365,0.648
366,366,0.651
367,367,0.651
368,368,0.652
369,369,0.653
370,370,0.657
371,371,0.661
372,372,0.665
373,373,0.665
374,374,0.666
375,375,0.666
376,376,0.666
377,377,0.667
378,378,0.667
379,379,0.668
380,380,0.669
381,381,0.67
382,382,0.67
383,383,0.67
384,384,0.673
385,385,0.674
386,386,0.676
387,387,0.676
388,388,0.678
389,389,0.68
390,390,0.682
391,391,0.684
392,392,0.686
393,393,0.688
394,394,0.689
395,395,0.691
396,396,0.695
397,397,0.699
398,398,0.701
399,399,0.702
400,400,0.708
401,401,0.711
402,402,0.711
403,403,0.711
404,404,0.711
405,405,0.713
406,406,0.713
407,407,0.713
408,408,0.713
409,409,0.713
410,410,0.713
411,411,0.713
412,412,0.713
413,413,0.713
414,414,0.713
415,415,0.713
416,416,0.713
417,417,0.713
418,418,0.713
419,419,0.714
420,420,0.714
421,421,0.714
422,422,0.714
423,423,0.714
424,424,0.714
425,425,0.714
426,426,0.714
427,427,0.714
428,428,0.714
429,429,0.714
430,430,0.714
431,431,0.714
432,432,0.714
433,433,0.714
434,434,0.714
435,435,0.714
436,436,0.714
437,437,0.716
438,438,0.716
439,439,0.716
440,440,0.716
441,441,0.716
442,442,0.717
443,443,0.717
444,444,0.718
445,445,0.718
446,446,0.718
447,447,0.718
448,448,0.718
449,449,0.718
450,450,0.718
451,451,0.719
452,452,0.719
453,453,0.719
454,454,0.72
455,455,0.72
456,456,0.72
457,457,0.721
458,458,0.722
459,459,0.723
460,460,0.723
461,461,0.723
462,462,0.723
463,463,0.725
464,464,0.729
465,465,0.734
466,466,0.734
467,467,0.734
468,468,0.734
469,469,0.736
470,470,0.737
471,471,0.739
472,472,0.74
473,473,0.74
474,474,0.74
475,475,0.74
476,476,0.741
477,477,0.742
478,478,0.744
479,479,0.745
480,480,0.747
481,481,0.749
482,482,0.749
483,483,0.75
484,484,0.75
485,485,0.751
486,486,0.752
487,487,0.752
488,488,0.757
489,489,0.757
490,490,0.759
491,491,0.76
492,492,0.761
493,493,0.764
494,494,0.765
495,495,0.765
496,496,0.767
497,497,0.767
498,498,0.767
499,499,0.768
500,500,0.77
501,501,0.77
502,502,0.77
503,503,0.77
504,504,0.77
505,505,0.772
506,506,0.772
507,507,0.772
508,508,0.772
509,509,0.772
510,510,0.772
511,511,0.772
512,512,0.772
513,513,0.772
514,514,0.772
515,515,0.772
516,516,0.772
517,517,0.772
518,518,0.772
519,519,0.772
520,520,0.772
521,521,0.772
522,522,0.772
523,523,0.773
524,524,0.773
525,525,0.773
526,526,0.773
527,527,0.774
528,528,0.774
529,529,0.774
530,530,0.775
531,531,0.775
532,532,0.775
533,533,0.775
534,534,0.776
535,535,0.776
536,536,0.776
537,537,0.778
538,538,0.778
539,539,0.778
540,540,0.778
541,541,0.778
542,542,0.778
543,543,0.778
544,544,0.778
545,545,0.778
546,546,0.778
547,547,0.778
548,548,0.778
549,549,0.778
550,550,0.778
551,551,0.779
552,552,0.779
553,553,0.78
554,554,0.784
555,555,0.784
556,556,0.784
557,557,0.785
558,558,0.785
559,559,0.785
560,560,0.785
561,561,0.786
562,562,0.787
563,563,0.788
564,564,0.79
565,565,0.792
566,566,0.792
567,567,0.794
568,568,0.794
569,569,0.794
570,570,0.795
571,571,0.795
572,572,0.797
573,573,0.799
574,574,0.799
575,575,0.799
576,576,0.799
577,577,0.8
578,578,0.804
579,579,0.805
580,580,0.805
581,581,0.806
582,582,0.806
583,583,0.806
584,584,0.806
585,585,0.806
586,586,0.809
587,587,0.809
588,588,0.812
589,589,0.814
590,590,0.814
591,591,0.814
592,592,0.816
593,593,0.817
594,594,0.818
595,595,0.82
596,596,0.821
597,597,0.821
598,598,0.822
599,599,0.825
600,600,0.826
601,601,0.827
602,602,0.827
603,603,0.827
604,604,0.827
605,605,0.827
606,606,0.827
607,607,0.827
608,608,0.827
609,609,0.828
610,610,0.828
611,611,0.828
612,612,0.828
613,613,0.828
614,614,0.828
615,615,0.828
616,616,0.828
617,617,0.828
618,618,0.828
619,619,0.83
620,620,0.83
621,621,0.83
622,622,0.831
623,623,0.831
624,624,0.832
625,625,0.832
626,626,0.832
627,627,0.833
628,628,0.833
629,629,0.833
630,630,0.833
631,631,0.833
632,632,0.833
633,633,0.833
634,634,0.834
635,635,0.834
636,636,0.834
637,637,0.835
638,638,0.837
639,639,0.837
640,640,0.838
641,641,0.838
642,642,0.838
643,643,0.839
644,644,0.84
645,645,0.84
646,646,0.84
647,647,0.84
648,648,0.84
649,649,0.84
650,650,0.84
651,651,0.84
652,652,0.84
653,653,0.842
654,654,0.843
655,655,0.843
656,656,0.843
657,657,0.844
658,658,0.844
659,659,0.845
660,660,0.845
661,661,0.845
662,662,0.846
663,663,0.846
664,664,0.846
665,665,0.848
666,666,0.848
667,667,0.848
668,668,0.848
669,669,0.849
670,670,0.851
671,671,0.852
672,672,0.853
673,673,0.854
674,674,0.854
675,675,0.855
676,676,0.856
677,677,0.856
678,678,0.856
679,679,0.858
680,680,0.859
681,681,0.861
682,682,0.861
683,683,0.861
684,684,0.861
685,685,0.861
686,686,0.861
687,687,0.861
688,688,0.861
689,689,0.862
690,690,0.862
691,691,0.864
692,692,0.864
693,693,0.866
694,694,0.866
695,695,0.867
696,696,0.87
697,697,0.873
698,698,0.873
699,699,0.874
700,700,0.874
701,701,0.877
702,702,0.878
703,703,0.878
704,704,0.878
705,705,0.878
706,706,0.878
707,707,0.878
708,708,0.878
709,709,0.878
710,710,0.878
711,711,0.878
712,712,0.878
713,713,0.878
714,714,0.878
715,715,0.878
716,716,0.879
717,717,0.879
718,718,0.879
719,719,0.879
720,720,0.879
721,721,0.879
722,722,0.879
723,723,0.879
724,724,0.879
725,725,0.879
726,726,0.88
727,727,0.88
728,728,0.88
729,729,0.88
730,730,0.88
731,731,0.88
732,732,0.88
733,733,0.88
734,734,0.88
735,735,0.881
736,736,0.881
737,737,0.881
738,738,0.881
739,739,0.881
740,740,0.881
741,741,0.882
742,742,0.882
743,743,0.882
744,744,0.883
745,745,0.883
746,746,0.883
747,747,0.883
748,748,0.884
749,749,0.884
750,750,0.884
751,751,0.884
752,752,0.884
753,753,0.884
754,754,0.884
755,755,0.884
756,756,0.884
757,757,0.885
758,758,0.885
759,759,0.886
760,760,0.886
761,761,0.886
762,762,0.886
763,763,0.886
764,764,0.887
765,765,0.889
766,766,0.89
767,767,0.89
768,768,0.89
769,769,0.89
770,770,0.891
771,771,0.892
772,772,0.893
773,773,0.893
774,774,0.893
775,775,0.893
776,776,0.893
777,777,0.893
778,778,0.893
779,779,0.893
780,780,0.893
781,781,0.894
782,782,0.894
783,783,0.894
784,784,0.897
785,785,0.897
786,786,0.897
787,787,0.897
788,788,0.897
789,789,0.899
790,790,0.899
791,791,0.9
792,792,0.9
793,793,0.9
794,794,0.901
795,795,0.902
796,796,0.905
797,797,0.905
798,798,0.905
799,799,0.905
800,800,0.906
801,801,0.906
802,802,0.906
803,803,0.906
804,804,0.906
805,805,0.907
806,806,0.907
807,807,0.907
808,808,0.907
809,809,0.908
810,810,0.908
811,811,0.908
812,812,0.908
813,813,0.908
814,814,0.908
815,815,0.908
816,816,0.908
817,817,0.908
818,818,0.908
819,819,0.909
820,820,0.909
821,821,0.909
822,822,0.909
823,823,0.909
824,824,0.909
825,825,0.909
826,826,0.909
827,827,0.909
828,828,0.909
829,829,0.91
830,830,0.911
831,831,0.911
832,832,0.911
833,833,0.911
834,834,0.911
835,835,0.911
836,836,0.911
837,837,0.911
838,838,0.911
839,839,0.912
840,840,0.912
841,841,0.912
842,842,0.912
843,843,0.912
844,844,0.912
845,845,0.912
846,846,0.912
847,847,0.912
848,848,0.912
849,849,0.912
850,850,0.912
851,851,0.912
852,852,0.912
853,853,0.912
854,854,0.913
855,855,0.913
856,856,0.913
857,857,0.913
858,858,0.913
859,859,0.913
860,860,0.913
861,861,0.913
862,862,0.913
863,863,0.913
864,864,0.913
865,865,0.913
866,866,0.913
867,867,0.913
868,868,0.913
869,869,0.913
870,870,0.914
871,871,0.914
872,872,0.916
873,873,0.917
874,874,0.917
875,875,0.919
876,876,0.919
877,877,0.92
878,878,0.92
879,879,0.922
880,880,0.922
881,881,0.922
882,882,0.922
883,883,0.922
884,884,0.922
885,885,0.923
886,886,0.923
887,887,0.923
888,888,0.924
889,889,0.924
890,890,0.924
891,891,0.924
892,892,0.924
893,893,0.925
894,894,0.926
895,895,0.926
896,896,0.927
897,897,0.927
898,898,0.927
899,899,0.927
900,900,0.927
901,901,0.927
902,902,0.927
903,903,0.927
904,904,0.927
905,905,0.927
906,906,0.927
907,907,0.927
908,908,0.927
909,909,0.927
910,910,0.927
911,911,0.927
912,912,0.927
913,913,0.927
914,914,0.927
915,915,0.927
916,916,0.927
917,917,0.927
918,918,0.927
919,919,0.927
920,920,0.927
921,921,0.927
922,922,0.928
923,923,0.928
924,924,0.928
925,925,0.928
926,926,0.928
927,927,0.928
928,928,0.928
929,929,0.928
930,930,0.928
931,931,0.928
932,932,0.929
933,933,0.929
934,934,0.929
935,935,0.929
936,936,0.929
937,937,0.929
938,938,0.929
939,939,0.929
940,940,0.929
941,941,0.929
942,942,0.929
943,943,0.929
944,944,0.93
945,945,0.93
946,946,0.93
947,947,0.93
948,948,0.93
949,949,0.93
950,950,0.93
951,951,0.93
952,952,0.93
953,953,0.93
954,954,0.93
955,955,0.93
956,956,0.93
957,957,0.93
958,958,0.93
959,959,0.93
960,960,0.93
961,961,0.93
962,962,0.931
963,963,0.931
964,964,0.932
965,965,0.933
966,966,0.933
967,967,0.934
968,968,0.934
969,969,0.934
970,970,0.936
971,971,0.936
972,972,0.937
973,973,0.938
974,974,0.938
975,975,0.938
976,976,0.938
977,977,0.938
978,978,0.938
979,979,0.939
980,980,0.939
981,981,0.939
982,982,0.939
983,983,0.939
984,984,0.94
985,985,0.941
986,986,0.941
987,987,0.941
988,988,0.942
989,989,0.942
990,990,0.943
991,991,0.943
992,992,0.943
993,993,0.943
994,994,0.943
995,995,0.943
996,996,0.943
997,997,0.943
998,998,0.943
999,999,0.943
1000,1000,0.944
1001,1001,0.945
1002,1002,0.945
1003,1003,0.945
1004,1004,0.945
1005,1005,0.945
1006,1006,0.945
1007,1007,0.945
1008,1008,0.945
1009,1009,0.945
1010,1010,0.945
1011,1011,0.945
1012,1012,0.946
1013,1013,0.946
1014,1014,0.946
1015,1015,0.946
1016,1016,0.946
1017,1017,0.946
1018,1018,0.946
1019,1019,0.946
1020,1020,0.946
1021,1021,0.946
1022,1022,0.946
1023,1023,0.946
1024,1024,0.946
1025,1025,0.946
1026,1026,0.946
1027,1027,0.946
1028,1028,0.946
1029,1029,0.946
1030,1030,0.946
1031,1031,0.946
1032,1032,0.946
1033,1033,0.946
1034,1034,0.946
1035,1035,0.946
1036,1036,0.946
1037,1037,0.946
1038,1038,0.946
1039,1039,0.946
1040,1040,0.946
1041,1041,0.946
1042,1042,0.946
1043,1043,0.946
1044,1044,0.946
1045,1045,0.946
1046,1046,0.946
1047,1047,0.946
1048,1048,0.946
1049,1049,0.946
1050,1050,0.946
1051,1051,0.946
1052,1052,0.947
1053,1053,0.947
1054,1054,0.947
1055,1055,0.947
1056,1056,0.947
1057,1057,0.947
1058,1058,0.947
1059,1059,0.947
1060,1060,0.947
1061,1061,0.947
1062,1062,0.948
1063,1063,0.948
1064,1064,0.949
1065,1065,0.95
1066,1066,0.95
1067,1067,0.95
1068,1068,0.95
1069,1069,0.95
1070,1070,0.95
1071,1071,0.95
1072,1072,0.95
1073,1073,0.95
1074,1074,0.95
1075,1075,0.95
1076,1076,0.95
1077,1077,0.95
1078,1078,0.951
1079,1079,0.951
1080,1080,0.951
1081,1081,0.952
1082,1082,0.952
1083,1083,0.953
1084,1084,0.954
1085,1085,0.955
1086,1086,0.956
1087,1087,0.956
1088,1088,0.956
1089,1089,0.956
1090,1090,0.957
1091,1091,0.958
1092,1092,0.958
1093,1093,0.959
1094,1094,0.959
1095,1095,0.959
1096,1096,0.96
1097,1097,0.961
1098,1098,0.961
1099,1099,0.961
1100,1100,0.962
1101,1101,0.962
1102,1102,0.962
1103,1103,0.962
1104,1104,0.962
1105,1105,0.962
1106,1106,0.962
1107,1107,0.962
1108,1108,0.962
1109,1109,0.962
1110,1110,0.962
1111,1111,0.962
1112,1112,0.963
1113,1113,0.963
1114,1114,0.964
1115,1115,0.964
1116,1116,0.964
1117,1117,0.964
1118,1118,0.964
1119,1119,0.964
1120,1120,0.964
1121,1121,0.964
1122,1122,0.964
1123,1123,0.964
1124,1124,0.964
1125,1125,0.964
1126,1126,0.964
1127,1127,0.964
1128,1128,0.964
1129,1129,0.964
1130,1130,0.965
1131,1131,0.965
1132,1132,0.965
1133,1133,0.965
1134,1134,0.965
1135,1135,0.965
1136,1136,0.965
1137,1137,0.965
1138,1138,0.966
1139,1139,0.966
1140,1140,0.966
1141,1141,0.966
1142,1142,0.966
1143,1143,0.966
1144,1144,0.966
1145,1145,0.966
1146,1146,0.966
1147,1147,0.966
1148,1148,0.966
1149,1149,0.966
1150,1150,0.966
1151,1151,0.967
1152,1152,0.967
1153,1153,0.967
1154,1154,0.968
1155,1155,0.968
1156,1156,0.968
1157,1157,0.968
1158,1158,0.968
1159,1159,0.968
1160,1160,0.968
1161,1161,0.968
1162,1162,0.968
1163,1163,0.968
1164,1164,0.968
1165,1165,0.968
1166,1166,0.968
1167,1167,0.968
1168,1168,0.968
1169,1169,0.968
1170,1170,0.968
1171,1171,0.968
1172,1172,0.968
1173,1173,0.968
1174,1174,0.968
1175,1175,0.968
1176,1176,0.968
1177,1177,0.968
1178,1178,0.968
1179,1179,0.968
1180,1180,0.968
1181,1181,0.968
1182,1182,0.968
1183,1183,0.968
1184,1184,0.968
1185,1185,0.968
1186,1186,0.968
1187,1187,0.968
1188,1188,0.968
1189,1189,0.969
1190,1190,0.97
1191,1191,0.97
1192,1192,0.97
1193,1193,0.97
1194,1194,0.971
1195,1195,0.971
1196,1196,0.971
1197,1197,0.971
1198,1198,0.971
1199,1199,0.971
1200,1200,0.971
1201,1201,0.971
1202,1202,0.971
1203,1203,0.971
1204,1204,0.971
1205,1205,0.971
1206,1206,0.971
1207,1207,0.971
1208,1208,0.971
1209,1209,0.971
1210,1210,0.971
1211,1211,0.971
1212,1212,0.971
1213,1213,0.971
1214,1214,0.971
1215,1215,0.971
1216,1216,0.971
1217,1217,0.971
1218,1218,0.971
1219,1219,0.971
1220,1220,0.971
1221,1221,0.971
1222,1222,0.971
1223,1223,0.971
1224,1224,0.971
1225,1225,0.971
1226,1226,0.971
1227,1227,0.971
1228,1228,0.971
1229,1229,0.971
1230,1230,0.971
1231,1231,0.971
1232,1232,0.971
1233,1233,0.971
1234,1234,0.971
1235,1235,0.971
1236,1236,0.971
1237,1237,0.971
1238,1238,0.971
1239,1239,0.971
1240,1240,0.971
1241,1241,0.971
1242,1242,0.971
1243,1243,0.971
1244,1244,0.971
1245,1245,0.971
1246,1246,0.971
1247,1247,0.971
1248,1248,0.971
1249,1249,0.971
1250,1250,0.971
1251,1251,0.971
1252,1252,0.971
1253,1253,0.971
1254,1254,0.971
1255,1255,0.971
1256,1256,0.971
1257,1257,0.971
1258,1258,0.971
1259,1259,0.971
1260,1260,0.971
1261,1261,0.971
1262,1262,0.971
1263,1263,0.971
1264,1264,0.971
1265,1265,0.972
1266,1266,0.973
1267,1267,0.973
1268,1268,0.973
1269,1269,0.973
1270,1270,0.973
1271,1271,0.974
1272,1272,0.974
1273,1273,0.974
1274,1274,0.974
1275,1275,0.974
1276,1276,0.974
1277,1277,0.974
1278,1278,0.974
1279,1279,0.974
1280,1280,0.974
1281,1281,0.975
1282,1282,0.975
1283,1283,0.975
1284,1284,0.975
1285,1285,0.975
1286,1286,0.975
1287,1287,0.975
1288,1288,0.975
1289,1289,0.975
1290,1290,0.975
1291,1291,0.975
1292,1292,0.975
1293,1293,0.975
1294,1294,0.976
1295,1295,0.977
1296,1296,0.979
1297,1297,0.979
1298,1298,0.979
1299,1299,0.979
1300,1300,0.979
1301,1301,0.979
1302,1302,0.979
1303,1303,0.979
1304,1304,0.979
1305,1305,0.98
1306,1306,0.98
1307,1307,0.98
1308,1308,0.98
1309,1309,0.98
1310,1310,0.98
1311,1311,0.98
1312,1312,0.98
1313,1313,0.98
1314,1314,0.98
1315,1315,0.98
1316,1316,0.98
1317,1317,0.98
1318,1318,0.98
1319,1319,0.98
1320,1320,0.98
1321,1321,0.98
1322,1322,0.98
1323,1323,0.98
1324,1324,0.98
1325,1325,0.98
1326,1326,0.98
1327,1327,0.98
1328,1328,0.98
1329,1329,0.98
1330,1330,0.98
1331,1331,0.98
1332,1332,0.98
1333,1333,0.98
1334,1334,0.98
1335,1335,0.98
1336,1336,0.98
1337,1337,0.98
1338,1338,0.98
1339,1339,0.98
1340,1340,0.98
1341,1341,0.98
1342,1342,0.98
1343,1343,0.98
1344,1344,0.98
1345,1345,0.98
1346,1346,0.98
1347,1347,0.98
1348,1348,0.98
1349,1349,0.98
1350,1350,0.98
1351,1351,0.98
1352,1352,0.98
1353,1353,0.98
1354,1354,0.98
1355,1355,0.98
1356,1356,0.98
1357,1357,0.98
1358,1358,0.98
1359,1359,0.98
1360,1360,0.98
1361,1361,0.98
1362,1362,0.98
1363,1363,0.98
1364,1364,0.98
1365,1365,0.981
1366,1366,0.981
1367,1367,0.981
1368,1368,0.981
1369,1369,0.982
1370,1370,0.982
1371,1371,0.982
1372,1372,0.982
1373,1373,0.982
1374,1374,0.982
1375,1375,0.982
1376,1376,0.982
1377,1377,0.982
1378,1378,0.982
1379,1379,0.982
1380,1380,0.982
1381,1381,0.982
1382,1382,0.982
1383,1383,0.983
1384,1384,0.983
1385,1385,0.983
1386,1386,0.984
1387,1387,0.984
1388,1388,0.985
1389,1389,0.985
1390,1390,0.985
1391,1391,0.986
1392,1392,0.986
1393,1393,0.987
1394,1394,0.987
1395,1395,0.987
1396,1396,0.987
1397,1397,0.987
1398,1398,0.987
1399,1399,0.987
1400,1400,0.987
1401,1401,0.987
1402,1402,0.987
1403,1403,0.987
1404,1404,0.987
1405,1405,0.987
1406,1406,0.987
1407,1407,0.987
1408,1408,0.987
1409,1409,0.987
1410,1410,0.987
1411,1411,0.987
1412,1412,0.987
1413,1413,0.987
1414,1414,0.987
1415,1415,0.987
1416,1416,0.987
1417,1417,0.987
1418,1418,0.987
1419,1419,0.987
1420,1420,0.987
1421,1421,0.987
1422,1422,0.987
1423,1423,0.987
1424,1424,0.987
1425,1425,0.987
1426,1426,0.987
1427,1427,0.987
1428,1428,0.987
1429,1429,0.987
1430,1430,0.987
1431,1431,0.987
1432,1432,0.989
1433,1433,0.989
1434,1434,0.989
1435,1435,0.989
1436,1436,0.989
1437,1437,0.989
1438,1438,0.989
1439,1439,0.989
1440,1440,0.989
1441,1441,0.989
1442,1442,0.989
1443,1443,0.989
1444,1444,0.989
1445,1445,0.989
1446,1446,0.989
1447,1447,0.989
1448,1448,0.989
1449,1449,0.989
1450,1450,0.989
1451,1451,0.989
1452,1452,0.989
1453,1453,0.989
1454,1454,0.989
1455,1455,0.989
1456,1456,0.989
1457,1457,0.989
1458,1458,0.989
1459,1459,0.989
1460,1460,0.989
1461,1461,0.989
1462,1462,0.989
1463,1463,0.989
1464,1464,0.989
1465,1465,0.989
1466,1466,0.989
1467,1467,0.989
1468,1468,0.989
1469,1469,0.989
1470,1470,0.989
1471,1471,0.989
1472,1472,0.989
1473,1473,0.989
1474,1474,0.989
1475,1475,0.989
1476,1476,0.989
1477,1477,0.989
1478,1478,0.989
1479,1479,0.989
1480,1480,0.989
1481,1481,0.989
1482,1482,0.99
1483,1483,0.99
1484,1484,0.99
1485,1485,0.99
1486,1486,0.99
1487,1487,0.99
1488,1488,0.991
1489,1489,0.992
1490,1490,0.992
1491,1491,0.992
1492,1492,0.992
1493,1493,0.992
1494,1494,0.992
1495,1495,0.992
1496,1496,0.992
1497,1497,0.992
1498,1498,0.992
1499,1499,0.993
1500,1500,0.993
1501,1501,0.993
1502,1502,0.993
1503,1503,0.993
1504,1504,0.993
1505,1505,0.993
1506,1506,0.993
1507,1507,0.993
1508,1508,0.993
1509,1509,0.993
1510,1510,0.993
1511,1511,0.993
1512,1512,0.993
1513,1513,0.993
1514,1514,0.993
1515,1515,0.993
1516,1516,0.993
1517,1517,0.993
1518,1518,0.993
1519,1519,0.993
1520,1520,0.993
1521,1521,0.993
1522,1522,0.993
1523,1523,0.993
1524,1524,0.993
1525,1525,0.993
1526,1526,0.993
1527,1527,0.993
1528,1528,0.993
1529,1529,0.993
1530,1530,0.993
1531,1531,0.993
1532,1532,0.993
1533,1533,0.993
1534,1534,0.993
1535,1535,0.993
1536,1536,0.993
1537,1537,0.993
1538,1538,0.993
1539,1539,0.993
1540,1540,0.993
1541,1541,0.993
1542,1542,0.993
1543,1543,0.993
1544,1544,0.993
1545,1545,0.993
1546,1546,0.993
1547,1547,0.993
1548,1548,0.993
1549,1549,0.993
1550,1550,0.993
1551,1551,0.993
1552,1552,0.993
1553,1553,0.993
1554,1554,0.993
1555,1555,0.993
1556,1556,0.993
1557,1557,0.993
1558,1558,0.993
1559,1559,0.993
1560,1560,0.993
1561,1561,0.993
1562,1562,0.993
1563,1563,0.993
1564,1564,0.994
1565,1565,0.994
1566,1566,0.994
1567,1567,0.994
1568,1568,0.994
1569,1569,0.995
1570,1570,0.995
1571,1571,0.995
1572,1572,0.995
1573,1573,0.995
1574,1574,0.995
1575,1575,0.995
1576,1576,0.995
1577,1577,0.995
1578,1578,0.995
1579,1579,0.995
1580,1580,0.995
1581,1581,0.995
1582,1582,0.995
1583,1583,0.995
1584,1584,0.995
1585,1585,0.995
1586,1586,0.995
1587,1587,0.995
1588,1588,0.995
1589,1589,0.995
1590,1590,0.995
1591,1591,0.995
1592,1592,0.995
1593,1593,0.995
1594,1594,0.995
1595,1595,0.995
1596,1596,0.995
1597,1597,0.995
1598,1598,0.995
1599,1599,0.995
1600,1600,0.995
1601,1601,0.996
1602,1602,0.996
1603,1603,0.996
1604,1604,0.996
1605,1605,0.996
1606,1606,0.996
1607,1607,0.996
1608,1608,0.996
1609,1609,0.996
1610,1610,0.996
1611,1611,0.996
1612,1612,0.996
1613,1613,0.996
1614,1614,0.996
1615,1615,0.996
1616,1616,0.996
1617,1617,0.996
1618,1618,0.996
1619,1619,0.996
1620,1620,0.996
1621,1621,0.996
1622,1622,0.996
1623,1623,0.996
1624,1624,0.996
1625,1625,0.996
1626,1626,0.996
1627,1627,0.996
1628,1628,0.996
1629,1629,0.996
1630,1630,0.996
1631,1631,0.996
1632,1632,0.996
1633,1633,0.996
1634,1634,0.996
1635,1635,0.996
1636,1636,0.996
1637,1637,0.996
1638,1638,0.996
1639,1639,0.996
1640,1640,0.996
1641,1641,0.996
1642,1642,0.996
1643,1643,0.996
1644,1644,0.996
1645,1645,0.996
1646,1646,0.996
1647,1647,0.996
1648,1648,0.996
1649,1649,0.996
1650,1650,0.996
1651,1651,0.996
1652,1652,0.996
1653,1653,0.996
1654,1654,0.996
1655,1655,0.996
1656,1656,0.996
1657,1657,0.996
1658,1658,0.996
1659,1659,0.996
1660,1660,0.996
1661,1661,0.996
1662,1662,0.996
1663,1663,0.996
1664,1664,0.996
1665,1665,0.996
1666,1666,0.996
1667,1667,0.996
1668,1668,0.996
1669,1669,0.996
1670,1670,0.996
1671,1671,0.996
1672,1672,0.996
1673,1673,0.996
1674,1674,0.996
1675,1675,0.996
1676,1676,0.996
1677,1677,0.996
1678,1678,0.996
1679,1679,0.996
1680,1680,0.996
1681,1681,0.996
1682,1682,0.996
1683,1683,0.996
1684,1684,0.996
1685,1685,0.996
1686,1686,0.996
1687,1687,0.996
1688,1688,0.996
1689,1689,0.996
1690,1690,0.996
1691,1691,0.996
1692,1692,0.996
1693,1693,0.997
1694,1694,0.997
1695,1695,0.997
1696,1696,0.997
1697,1697,0.997
1698,1698,0.997
1699,1699,0.997
1700,1700,0.997
1701,1701,0.997
1702,1702,0.997
1703,1703,0.997
1704,1704,0.997
1705,1705,0.997
1706,1706,0.997
1707,1707,0.997
1708,1708,0.997
1709,1709,0.997
1710,1710,0.997
1711,1711,0.997
1712,1712,0.997
1713,1713,0.997
1714,1714,0.997
1715,1715,0.997
1716,1716,0.997
1717,1717,0.997
1718,1718,0.997
1719,1719,0.997
1720,1720,0.997
1721,1721,0.997
1722,1722,0.997
1723,1723,0.997
1724,1724,0.997
1725,1725,0.997
1726,1726,0.997
1727,1727,0.997
1728,1728,0.997
1729,1729,0.997
1730,1730,0.997
1731,1731,0.997
1732,1732,0.997
1733,1733,0.997
1734,1734,0.997
1735,1735,0.997
1736,1736,0.997
1737,1737,0.997
1738,1738,0.997
1739,1739,0.997
1740,1740,0.997
1741,1741,0.997
1742,1742,0.997
1743,1743,0.997
1744,1744,0.997
1745,1745,0.997
1746,1746,0.997
1747,1747,0.997
1748,1748,0.997
1749,1749,0.997
1750,1750,0.997
1751,1751,0.997
1752,1752,0.997
1753,1753,0.997
1754,1754,0.997
1755,1755,0.997
1756,1756,0.997
1757,1757,0.997
1758,1758,0.997
1759,1759,0.997
1760,1760,0.997
1761,1761,0.997
1762,1762,0.997
1763,1763,0.997
1764,1764,0.997
1765,1765,0.997
1766,1766,0.998
1767,1767,0.998
1768,1768,0.998
1769,1769,0.998
1770,1770,0.998
1771,1771,0.998
1772,1772,0.998
1773,1773,0.998
1774,1774,0.998
1775,1775,0.998
1776,1776,0.998
1777,1777,0.998
1778,1778,0.998
1779,1779,0.998
1780,1780,0.998
1781,1781,0.998
1782,1782,0.998
1783,1783,0.998
1784,1784,0.998
1785,1785,0.998
1786,1786,0.998
1787,1787,0.998
1788,1788,0.998
1789,1789,0.998
1790,1790,0.998
1791,1791,0.998
1792,1792,0.998
1793,1793,0.998
1794,1794,0.998
1795,1795,0.998
1796,1796,0.998
1797,1797,0.998
1798,1798,0.998
1799,1799,0.998
1800,1800,0.998
1801,1801,0.998
1802,1802,0.998
1803,1803,0.998
1804,1804,0.998
1805,1805,0.998
1806,1806,0.998
1807,1807,0.998
1808,1808,0.998
1809,1809,0.998
1810,1810,0.998
1811,1811,0.998
1812,1812,0.998
1813,1813,0.998
1814,1814,0.998
1815,1815,0.998
1816,1816,0.998
1817,1817,0.998
1818,1818,0.998
1819,1819,0.998
1820,1820,0.998
1821,1821,0.998
1822,1822,0.998
1823,1823,0.998
1824,1824,0.998
1825,1825,0.998
1826,1826,0.998
1827,1827,0.998
1828,1828,0.998
1829,1829,0.998
1830,1830,0.998
1831,1831,0.998
1832,1832,0.998
1833,1833,0.998
1834,1834,0.998
1835,1835,0.998
1836,1836,0.998
1837,1837,0.998
1838,1838,0.998
1839,1839,0.998
1840,1840,0.998
1841,1841,0.998
1842,1842,0.998
1843,1843,0.998
1844,1844,0.998
1845,1845,0.998
1846,1846,0.998
1847,1847,0.998
1848,1848,0.998
1849,1849,0.998
1850,1850,0.998
1851,1851,0.998
1852,1852,0.998
1853,1853,0.998
1854,1854,0.998
1855,1855,0.998
1856,1856,0.998
1857,1857,0.998
1858,1858,0.998
1859,1859,0.998
1860,1860,0.998
1861,1861,0.998
1862,1862,0.998
1863,1863,0.998
1864,1864,0.998
1865,1865,0.998
1866,1866,0.998
1867,1867,0.998
1868,1868,0.998
1869,1869,0.998
1870,1870,0.998
1871,1871,0.998
1872,1872,0.998
1873,1873,0.998
1874,1874,0.998
1875,1875,0.998
1876,1876,0.998
1877,1877,0.998
1878,1878,0.998
1879,1879,0.998
1880,1880,0.998
1881,1881,0.998
1882,1882,0.998
1883,1883,0.998
1884,1884,0.998
1885,1885,0.998
1886,1886,0.998
1887,1887,0.998
1888,1888,0.998
1889,1889,0.998
1890,1890,0.998
1891,1891,0.998
1892,1892,0.998
1893,1893,0.998
1894,1894,0.998
1895,1895,0.998
1896,1896,0.998
1897,1897,0.998
1898,1898,0.998
1899,1899,0.998
1900,1900,0.998
1901,1901,0.998
1902,1902,0.998
1903,1903,0.998
1904,1904,0.998
1905,1905,0.998
1906,1906,0.998
1907,1907,0.998
1908,1908,0.998
1909,1909,0.998
1910,1910,0.998
1911,1911,0.998
1912,1912,0.998
1913,1913,0.998
1914,1914,0.998
1915,1915,0.998
1916,1916,0.998
1917,1917,0.998
1918,1918,0.998
1919,1919,0.998
1920,1920,0.998
1921,1921,0.998
1922,1922,0.998
1923,1923,0.998
1924,1924,0.998
1925,1925,0.998
1926,1926,0.998
1927,1927,0.998
1928,1928,0.998
1929,1929,0.998
1930,1930,0.998
1931,1931,0.998
1932,1932,0.998
1933,1933,0.998
1934,1934,0.998
1935,1935,0.998
1936,1936,0.998
1937,1937,0.998
1938,1938,0.998
1939,1939,0.998
1940,1940,0.998
1941,1941,0.998
1942,1942,0.998
1943,1943,0.998
1944,1944,0.998
1945,1945,0.998
1946,1946,0.998
1947,1947,0.998
1948,1948,0.998
1949,1949,0.998
1950,1950,0.998
1951,1951,0.998
1952,1952,0.998
1953,1953,0.998
1954,1954,0.998
1955,1955,0.998
1956,1956,0.998
1957,1957,0.998
1958,1958,0.998
1959,1959,0.998
1960,1960,0.998
1961,1961,0.998
1962,1962,0.998
1963,1963,0.998
1964,1964,0.998
1965,1965,0.998
1966,1966,0.998
1967,1967,0.998
1968,1968,0.998
1969,1969,0.998
1970,1970,0.998
1971,1971,0.998
1972,1972,0.998
1973,1973,0.998
1974,1974,0.998
1975,1975,0.998
1976,1976,0.998
1977,1977,0.998
1978,1978,0.998
1979,1979,0.998
1980,1980,0.998
1981,1981,0.998
1982,1982,0.998
1983,1983,0.998
1984,1984,0.998
1985,1985,0.998
1986,1986,0.998
1987,1987,0.998
1988,1988,0.998
1989,1989,0.998
1990,1990,0.999
1991,1991,0.999
1992,1992,0.999
1993,1993,0.999
1994,1994,0.999
1995,1995,0.999
1996,1996,0.999
1997,1997,0.999
1998,1998,0.999
1999,1999,0.999
2000,2000,0.999
2001,2001,0.999
2002,2002,0.999
2003,2003,0.999
2004,2004,0.999
2005,2005,0.999
2006,2006,0.999
2007,2007,0.999
2008,2008,0.999
2009,2009,0.999
2010,2010,0.999
2011,2011,0.999
2012,2012,0.999
2013,2013,0.999
2014,2014,0.999
2015,2015,0.999
2016,2016,0.999
2017,2017,0.999
2018,2018,0.999
2019,2019,0.999
2020,2020,0.999
2021,2021,0.999
2022,2022,0.999
2023,2023,0.999
2024,2024,0.999
2025,2025,0.999
2026,2026,0.999
2027,2027,0.999
2028,2028,0.999
2029,2029,0.999
2030,2030,0.999
2031,2031,0.999
2032,2032,0.999
2033,2033,0.999
2034,2034,0.999
2035,2035,0.999
2036,2036,0.999
2037,2037,0.999
2038,2038,0.999
2039,2039,0.999
2040,2040,0.999
2041,2041,0.999
2042,2042,0.999
2043,2043,0.999
2044,2044,0.999
2045,2045,0.999
2046,2046,0.999
2047,2047,0.999
2048,2048,0.999
2049,2049,0.999
2050,2050,0.999
2051,2051,0.999
2052,2052,0.999
2053,2053,0.999
2054,2054,0.999
2055,2055,0.999
2056,2056,0.999
2057,2057,0.999
2058,2058,0.999
2059,2059,0.999
2060,2060,0.999
2061,2061,0.999
2062,2062,0.999
2063,2063,0.999
2064,2064,0.999
2065,2065,0.999
2066,2066,0.999
2067,2067,0.999
2068,2068,0.999
2069,2069,0.999
2070,2070,0.999
2071,2071,0.999
2072,2072,0.999
2073,2073,0.999
2074,2074,0.999
2075,2075,0.999
2076,2076,0.999
2077,2077,0.999
2078,2078,0.999
2079,2079,0.999
2080,2080,0.999
2081,2081,0.999
2082,2082,0.999
2083,2083,0.999
2084,2084,0.999
2085,2085,0.999
2086,2086,0.999
2087,2087,0.999
2088,2088,0.999
2089,2089,0.999
2090,2090,0.999
2091,2091,0.999
2092,2092,0.999
2093,2093,0.999
2094,2094,0.999
2095,2095,0.999
2096,2096,0.999
2097,2097,0.999
2098,2098,0.999
2099,2099,0.999
2100,2100,0.999
2101,2101,0.999
2102,2102,0.999
2103,2103,0.999
2104,2104,0.999
2105,2105,0.999
2106,2106,0.999
2107,2107,0.999
2108,2108,0.999
2109,2109,0.999
2110,2110,0.999
2111,2111,0.999
2112,2112,0.999
2113,2113,0.999
2114,2114,0.999
2115,2115,0.999
2116,2116,0.999
2117,2117,0.999
2118,2118,0.999
2119,2119,0.999
2120,2120,0.999
2121,2121,0.999
2122,2122,0.999
2123,2123,0.999
2124,2124,0.999
2125,2125,0.999
2126,2126,0.999
2127,2127,0.999
2128,2128,0.999
2129,2129,0.999
2130,2130,0.999
2131,2131,0.999
2132,2132,0.999
2133,2133,0.999
2134,2134,0.999
2135,2135,0.999
2136,2136,0.999
2137,2137,0.999
2138,2138,0.999
2139,2139,0.999
2140,2140,0.999
2141,2141,0.999
2142,2142,0.999
2143,2143,0.999
2144,2144,0.999
2145,2145,0.999
2146,2146,0.999
2147,2147,0.999
2148,2148,0.999
2149,2149,0.999
2150,2150,0.999
2151,2151,0.999
2152,2152,0.999
2153,2153,0.999
2154,2154,0.999
2155,2155,0.999
2156,2156,0.999
2157,2157,0.999
2158,2158,0.999
2159,2159,0.999
2160,2160,0.999
2161,2161,0.999
2162,2162,0.999
2163,2163,0.999
2164,2164,0.999
2165,2165,0.999
2166,2166,0.999
2167,2167,0.999
2168,2168,0.999
2169,2169,0.999
2170,2170,0.999
2171,2171,0.999
2172,2172,0.999
2173,2173,0.999
2174,2174,0.999
2175,2175,0.999
2176,2176,0.999
2177,2177,0.999
2178,2178,0.999
2179,2179,0.999
2180,2180,0.999
2181,2181,0.999
2182,2182,0.999
2183,2183,0.999
2184,2184,0.999
2185,2185,0.999
2186,2186,0.999
2187,2187,0.999
2188,2188,0.999
2189,2189,0.999
2190,2190,0.999
2191,2191,0.999
2192,2192,0.999
2193,2193,0.999
2194,2194,0.999
