,sim_num,runtime,lines,Rep,Reads_Mapped,avg_read_length
0,Simulation6.3,3.500884779294332,5035,Rep141,1061,2741.948717948718
1,Simulation6.3,0.6747457186381022,1363,Rep199,362,2986.0833333333335
2,Simulation6.3,1.0224500060081483,1267,Rep203,522,3115.769230769231
3,Simulation6.3,0.5085819562276205,907,Rep197,240,3131.6666666666665
4,Simulation6.3,0.18238070805867512,283,Rep91,13,4313.5
5,Simulation6.3,0.3542801777521769,475,Rep941,198,2989.6
6,Simulation6.3,1.7169020136197408,3595,Rep348,969,3451.945945945946
7,Simulation6.3,0.16448075373967488,307,Rep674,76,3644.5
8,Simulation6.3,0.8838520924250285,1915,Rep652,463,3375.0555555555557
9,Simulation6.3,0.19462151527404786,163,Rep560,36,2590.0
10,Simulation6.3,0.3919018030166626,1051,Rep88,160,3496.0
11,Simulation6.3,1.5062278032302856,3355,Rep928,871,3013.6666666666665
12,Simulation6.3,1.017143452167511,2035,Rep891,504,2400.5263157894738
13,Simulation6.3,0.1663597027460734,715,Rep988,18,3868.0
14,Simulation6.3,0.6934184908866883,1507,Rep451,400,3413.4
15,Simulation6.3,0.3367592453956604,451,Rep307,131,2603.6666666666665
16,Simulation6.3,2.0450491189956663,2443,Rep971,1129,3122.9
17,Simulation6.3,0.5259912331899007,1723,Rep909,276,2917.846153846154
18,Simulation6.3,0.17455387512842815,427,Rep490,63,3479.8
19,Simulation6.3,0.5152130881945293,1531,Rep576,233,3288.4
20,Simulation6.3,1.0800681948661803,2587,Rep985,594,3504.4444444444443
21,Simulation6.3,0.5008676489194234,1603,Rep866,299,3228.0
22,Simulation6.3,1.491805124282837,3979,Rep720,818,2946.3030303030305
23,Simulation6.3,0.6847243507703146,2179,Rep933,370,2965.3333333333335
24,Simulation6.3,0.16510738531748453,763,Rep976,58,2880.6
25,Simulation6.3,1.1876751979192097,2419,Rep316,653,2940.2
26,Simulation6.3,0.17743241786956787,283,Rep12,71,3361.0
27,Simulation6.3,0.6955112417538961,763,Rep779,304,3905.1428571428573
28,Simulation6.3,1.2092902779579162,3595,Rep229,656,3214.6774193548385
29,Simulation6.3,0.5005115946133931,979,Rep910,292,3184.3333333333335
30,Simulation6.3,0.1670022408167521,139,Rep317,69,1749.0
31,Simulation6.3,0.1789121150970459,187,Rep665,38,4808.0
32,Simulation6.3,0.34225727717081705,835,Rep799,133,2205.0
33,Simulation6.3,0.16123168071111044,379,Rep722,84,3600.25
34,Simulation6.3,1.5557436188062033,4411,Rep156,618,3317.448275862069
35,Simulation6.3,0.5013766169548035,619,Rep356,271,3050.285714285714
36,Simulation6.3,1.7626466870307922,3307,Rep731,987,3038.1875
37,Simulation6.3,0.8408091982205709,2323,Rep757,489,3570.5
38,Simulation6.3,0.34849503040313723,955,Rep369,163,2761.4
39,Simulation6.3,0.16909908056259154,667,Rep749,98,2789.4
40,Simulation6.3,0.6833333532015483,1531,Rep943,385,3466.153846153846
41,Simulation6.3,0.8262895305951437,2683,Rep254,463,3146.05
42,Simulation6.3,0.5254143357276917,739,Rep436,298,3749.5
43,Simulation6.3,0.1679758866628011,259,Rep671,69,3291.5
44,Simulation6.3,0.47941033442815145,643,Rep116,171,3486.0
45,Simulation6.3,0.3255188862482707,451,Rep589,173,3603.25
46,Simulation6.3,1.5560438950856528,5179,Rep939,878,2725.3783783783783
47,Simulation6.3,0.5248327016830444,547,Rep512,269,2599.4
48,Simulation6.3,2.6542186737060547,1507,Rep89,700,3184.818181818182
49,Simulation6.3,0.5103813529014587,1651,Rep344,292,3143.230769230769
50,Simulation6.3,0.8867833932240804,2371,Rep308,480,3385.9375
51,Simulation6.3,0.5124315698941548,475,Rep747,237,2884.0
52,Simulation6.3,0.1690727154413859,235,Rep996,23,1235.0
53,Simulation6.3,0.6621769150098165,2011,Rep596,388,3231.2105263157896
54,Simulation6.3,1.2756246685981751,1699,Rep532,652,3083.2105263157896
55,Simulation6.3,1.8425410509109497,4867,Rep846,1080,2973.7894736842104
56,Simulation6.3,2.4529199918111164,4939,Rep64,931,3065.212121212121
57,Simulation6.3,2.721430508295695,3403,Rep35,828,2895.9166666666665
58,Simulation6.3,0.17441500425338746,451,Rep310,95,3061.3333333333335
59,Simulation6.3,0.7970561822255452,1891,Rep6,293,3045.3076923076924
60,Simulation6.3,0.2814160982767741,763,Rep327,88,2232.6666666666665
61,Simulation6.3,0.500779390335083,1291,Rep758,293,3374.0
62,Simulation6.3,0.46739728848139445,643,Rep4,151,3449.2
63,Simulation6.3,0.16506499846776326,331,Rep858,98,1530.5
64,Simulation6.3,0.33382234573364256,427,Rep215,164,3793.25
65,Simulation6.3,0.17088497479756673,163,Rep755,31,581.0
66,Simulation6.3,0.7494457205136617,1123,Rep76,295,2915.7
67,Simulation6.3,0.16566410462061565,307,Rep36,96,4236.333333333333
68,Simulation6.3,0.596428370475769,1507,Rep48,298,2929.5714285714284
69,Simulation6.3,0.6939710696538289,2155,Rep887,399,3154.55
70,Simulation6.3,0.3411968310674032,811,Rep962,199,3431.75
71,Simulation6.3,0.16221410433451336,355,Rep847,89,2091.25
72,Simulation6.3,0.1718802809715271,883,Rep84,47,3177.0
73,Simulation6.3,0.33448736667633056,811,Rep278,193,3089.125
74,Simulation6.3,0.17284287214279176,163,Rep138,51,3035.0
75,Simulation6.3,0.16076407035191853,403,Rep696,58,3251.4
76,Simulation6.3,0.6681775569915771,1555,Rep798,353,2799.375
77,Simulation6.3,3.0505056103070576,4099,Rep53,872,3087.9032258064517
78,Simulation6.3,0.17035471598307292,283,Rep309,77,4012.5
79,Simulation6.3,0.8379107197125752,859,Rep736,463,2736.2727272727275
80,Simulation6.3,0.33592582543691,307,Rep878,185,1896.5
81,Simulation6.3,6.677159178256988,883,Rep171,168,3583.285714285714
82,Simulation6.3,0.17209047476450604,187,Rep187,45,4171.5
83,Simulation6.3,0.15945022106170653,211,Rep150,85,2054.0
84,Simulation6.3,0.9028294801712036,3379,Rep494,464,3217.4
85,Simulation6.3,0.6902434428532919,979,Rep54,291,3476.5
86,Simulation6.3,1.700118605295817,5611,Rep814,969,2991.487804878049
87,Simulation6.3,0.17230722904205323,187,Rep539,56,3481.0
88,Simulation6.3,0.9198297182718913,1099,Rep440,441,2775.3
89,Simulation6.3,0.8235982696215312,2419,Rep633,485,2380.4117647058824
90,Simulation6.3,0.4996020754178365,1075,Rep583,276,3290.0
91,Simulation6.3,0.3545397480328878,1723,Rep488,191,2940.9333333333334
92,Simulation6.3,0.5261171817779541,427,Rep396,261,2818.1666666666665
93,Simulation6.3,0.841948946317037,2611,Rep727,470,3433.28
94,Simulation6.3,0.32889744838078816,955,Rep937,198,2587.5
95,Simulation6.3,0.17338407437006634,499,Rep479,71,2665.0
96,Simulation6.3,0.16788076957066853,667,Rep283,98,2663.3333333333335
97,Simulation6.3,0.5066753268241883,1987,Rep723,300,2286.75
98,Simulation6.3,0.16357428630193074,715,Rep862,82,2159.8
99,Simulation6.3,0.1678473671277364,427,Rep922,67,3739.5
100,Simulation6.3,1.427268890539805,4291,Rep496,743,3506.5172413793102
101,Simulation6.3,0.8368297298749288,1339,Rep978,479,3557.3076923076924
102,Simulation6.3,1.8105702598889668,2731,Rep413,964,3181.576923076923
103,Simulation6.3,0.8947556853294373,1171,Rep518,487,2689.25
104,Simulation6.3,0.33357032934824626,379,Rep942,131,1171.3333333333333
105,Simulation6.3,0.6860153436660766,1699,Rep886,397,2746.8823529411766
106,Simulation6.3,0.8322776913642883,2203,Rep587,476,3112.5
107,Simulation6.3,1.8508009592692056,5419,Rep860,1092,3141.190476190476
108,Simulation6.3,0.5046146392822266,1651,Rep848,292,2695.0
109,Simulation6.3,0.49991656144460045,715,Rep362,295,2753.5
110,Simulation6.3,0.7321621497472127,1843,Rep732,379,3238.0833333333335
111,Simulation6.3,0.3810027798016866,739,Rep500,139,3259.5
112,Simulation6.3,0.5000253041585286,1531,Rep966,297,2887.6363636363635
113,Simulation6.3,0.16119974454243977,331,Rep955,69,2225.0
114,Simulation6.3,2.1955777724583943,691,Rep8,395,2786.909090909091
115,Simulation6.3,0.49990087350209556,1771,Rep373,295,2824.6
116,Simulation6.3,1.166732939084371,4963,Rep575,688,3302.3333333333335
117,Simulation6.3,0.36414281527201336,1315,Rep241,173,2936.4
118,Simulation6.3,1.3525556445121765,3763,Rep882,769,3336.1481481481483
119,Simulation6.3,1.029132330417633,2179,Rep975,587,3324.714285714286
120,Simulation6.3,0.19312880039215088,1027,Rep397,92,3608.0
121,Simulation6.3,1.3580132524172466,3859,Rep718,701,3115.46875
122,Simulation6.3,0.6573613047599792,1819,Rep619,368,3252.0
123,Simulation6.3,0.8740912159283956,2251,Rep915,477,3005.8571428571427
124,Simulation6.3,0.4946698228518168,1267,Rep359,299,3149.181818181818
125,Simulation6.3,1.5122769117355346,2875,Rep843,808,3096.5714285714284
126,Simulation6.3,0.5376300096511841,571,Rep394,270,3431.5555555555557
127,Simulation6.3,0.35090525150299073,475,Rep869,169,3091.3333333333335
128,Simulation6.3,1.6732816100120544,3355,Rep771,943,3166.8214285714284
129,Simulation6.3,1.9225471218427022,4291,Rep836,1090,3080.818181818182
130,Simulation6.3,0.4772175312042236,379,Rep95,196,3131.0
131,Simulation6.3,0.3516491293907166,787,Rep473,170,3954.5
132,Simulation6.3,0.1657979925473531,187,Rep983,62,3284.0
133,Simulation6.3,1.481984523932139,3379,Rep514,756,3042.4666666666667
134,Simulation6.3,0.6699418822924296,3259,Rep579,396,2977.3684210526317
135,Simulation6.3,0.504021159807841,859,Rep574,268,3287.2
136,Simulation6.3,0.21252594391504923,403,Rep715,89,3666.3333333333335
137,Simulation6.3,1.081980788707733,2395,Rep47,550,3639.1
138,Simulation6.3,0.9066957632700602,1123,Rep398,495,2682.8125
139,Simulation6.3,0.7105869491895039,1747,Rep442,395,3512.8571428571427
140,Simulation6.3,0.667737086613973,499,Rep60,278,3165.6
141,Simulation6.3,0.3537421147028605,427,Rep548,198,2401.5
142,Simulation6.3,0.3713669578234355,1531,Rep954,197,3243.076923076923
143,Simulation6.3,0.17731095949808756,187,Rep401,94,2143.0
144,Simulation6.3,1.0820439179738364,3787,Rep424,577,3025.75
145,Simulation6.3,0.17560563484827676,691,Rep429,89,2577.1666666666665
146,Simulation6.3,3.0796404600143434,9235,Rep629,1765,3216.681818181818
147,Simulation6.3,0.5255249222119649,1771,Rep399,297,3184.0666666666666
148,Simulation6.3,0.1876485029856364,499,Rep593,98,3314.0
149,Simulation6.3,0.17490928173065184,307,Rep960,21,1370.0
150,Simulation6.3,0.7173547863960266,3115,Rep521,370,3187.7619047619046
151,Simulation6.3,0.3349226633707682,547,Rep377,175,2974.2
152,Simulation6.3,0.18738640944163004,1147,Rep914,93,2682.4285714285716
153,Simulation6.3,0.6995379527409872,2131,Rep767,384,3028.470588235294
154,Simulation6.3,0.1642210086186727,139,Rep639,95,1300.0
155,Simulation6.3,0.9114335258801778,1579,Rep435,499,3175.6428571428573
156,Simulation6.3,0.32863628466924033,1411,Rep926,181,2194.2727272727275
157,Simulation6.3,1.6290475010871888,1651,Rep106,234,3285.5333333333333
158,Simulation6.3,0.6529617428779602,979,Rep868,362,2656.2
159,Simulation6.3,0.3498245596885681,1171,Rep511,196,2346.9
160,Simulation6.3,0.5365985075632731,811,Rep474,228,2365.5714285714284
161,Simulation6.3,0.17659900585810342,187,Rep80,56,1232.0
162,Simulation6.3,0.8679267684618632,1771,Rep563,487,3263.8333333333335
163,Simulation6.3,0.1648967464764913,283,Rep991,31,3248.0
164,Simulation6.3,0.6133662541707356,2011,Rep27,294,2666.5454545454545
165,Simulation6.3,1.3749223272005717,3907,Rep334,770,2835.5666666666666
166,Simulation6.3,0.38518146276473997,931,Rep951,134,3462.25
167,Simulation6.3,0.3559703270594279,1483,Rep550,196,3688.6666666666665
168,Simulation6.3,0.17460692326227825,187,Rep838,68,1230.0
169,Simulation6.3,1.3451013406117758,1531,Rep79,553,3468.25
170,Simulation6.3,2.0074241956075034,3115,Rep936,1150,3428.878787878788
171,Simulation6.3,1.9066651701927184,5059,Rep719,1084,3120.8684210526317
172,Simulation6.3,0.7024853547414144,1795,Rep753,353,3188.3125
173,Simulation6.3,0.7364542802174886,2659,Rep295,399,2905.1428571428573
174,Simulation6.3,0.5095477104187012,883,Rep998,236,3419.7
175,Simulation6.3,0.16648259957631428,811,Rep253,72,3125.3333333333335
176,Simulation6.3,3.3712965647379556,6235,Rep573,1989,2982.073529411765
177,Simulation6.3,0.16887197097142537,163,Rep204,78,3158.5
178,Simulation6.3,0.5153642455736797,1291,Rep282,262,3017.090909090909
179,Simulation6.3,0.8585066159566244,3619,Rep700,464,3265.823529411765
180,Simulation6.3,0.19197474320729574,91,Rep997,22,882.0
181,Simulation6.3,0.18751558065414428,307,Rep104,44,3985.3333333333335
182,Simulation6.3,0.16086407899856567,1003,Rep653,63,3462.4
183,Simulation6.3,0.1711064616839091,211,Rep515,68,1720.0
184,Simulation6.3,0.534858779112498,523,Rep65,136,1574.6666666666667
185,Simulation6.3,0.49764649470647176,811,Rep889,299,2982.4285714285716
186,Simulation6.3,0.1834093411763509,499,Rep457,78,3681.5
187,Simulation6.3,1.6783964355786642,3883,Rep286,984,3025.5454545454545
188,Simulation6.3,0.7309223731358846,979,Rep819,395,2631.1
189,Simulation6.3,0.16571048100789387,547,Rep291,59,3054.25
190,Simulation6.3,0.16702155669530233,235,Rep29,33,2762.0
191,Simulation6.3,0.35329527854919435,1795,Rep591,115,3342.75
192,Simulation6.3,0.16577157179514568,211,Rep780,36,3715.0
193,Simulation6.3,0.1654703934987386,307,Rep7,37,1183.0
194,Simulation6.3,0.33946342070897423,955,Rep864,147,2005.75
195,Simulation6.3,0.20472455422083538,595,Rep809,87,3045.5
196,Simulation6.3,0.6678098201751709,931,Rep145,289,2520.2
197,Simulation6.3,0.1698691169420878,283,Rep140,64,720.0
198,Simulation6.3,0.6213325659434,979,Rep168,299,3185.625
199,Simulation6.3,0.35241363048553465,859,Rep381,158,3321.6666666666665
200,Simulation6.3,1.0390138188997904,3475,Rep990,599,3237.6153846153848
201,Simulation6.3,0.16775017976760864,331,Rep569,99,2778.8333333333335
202,Simulation6.3,0.5032272060712178,427,Rep136,273,2986.6666666666665
203,Simulation6.3,1.2220482627550762,2635,Rep688,642,3309.1363636363635
204,Simulation6.3,0.8560634175936381,3451,Rep686,492,3311.5714285714284
205,Simulation6.3,0.34548269510269164,619,Rep243,195,2652.5
206,Simulation6.3,0.1622295379638672,211,Rep19,33,732.0
207,Simulation6.3,0.49194238980611166,2803,Rep607,285,2783.3076923076924
208,Simulation6.3,2.405371562639872,9403,Rep726,1387,3138.969696969697
209,Simulation6.3,0.3412142435709635,403,Rep783,121,2260.6666666666665
210,Simulation6.3,0.16339184045791627,283,Rep588,74,4445.0
211,Simulation6.3,1.0925098419189454,2587,Rep132,365,3399.6875
212,Simulation6.3,0.352347731590271,739,Rep517,170,2788.5
213,Simulation6.3,0.6628671288490295,1435,Rep805,352,2541.7
214,Simulation6.3,0.17614872455596925,523,Rep680,68,2852.0
215,Simulation6.3,0.36483243306477864,1459,Rep468,187,3922.3
216,Simulation6.3,0.3681945045789083,1363,Rep350,190,2795.2
217,Simulation6.3,0.7100920438766479,811,Rep14,164,3027.25
218,Simulation6.3,2.4776897072792052,7891,Rep745,1364,3037.6060606060605
219,Simulation6.3,1.0460326711336771,2515,Rep733,576,3005.95
220,Simulation6.3,0.4941775679588318,883,Rep367,283,3265.222222222222
221,Simulation6.3,0.21244592269261678,139,Rep472,44,762.0
222,Simulation6.3,1.0756409287452697,3715,Rep648,572,2882.0833333333335
223,Simulation6.3,0.3696971933046977,859,Rep685,173,3491.8571428571427
224,Simulation6.3,0.17452902793884278,379,Rep252,98,3128.5
225,Simulation6.3,0.8396261771519978,1531,Rep992,463,2997.4615384615386
226,Simulation6.3,0.19728131691614786,139,Rep581,91,3485.0
227,Simulation6.3,0.1847784678141276,187,Rep890,37,2529.0
228,Simulation6.3,5.074367876847585,3235,Rep175,788,3070.8846153846152
229,Simulation6.3,0.3454174359639486,763,Rep740,165,2974.1428571428573
230,Simulation6.3,0.16633575359980265,211,Rep603,58,3130.0
231,Simulation6.3,0.5532287200291951,283,Rep112,43,4246.5
232,Simulation6.3,0.6732175668080648,1411,Rep280,376,3094.1428571428573
233,Simulation6.3,0.3497103850046794,1507,Rep721,186,3329.818181818182
234,Simulation6.3,0.35041677157084145,787,Rep695,131,3026.0
235,Simulation6.3,0.9594988822937012,2899,Rep77,298,2927.266666666667
236,Simulation6.3,1.0232910553614298,2083,Rep961,571,3195.6666666666665
237,Simulation6.3,2.138331441084544,4915,Rep504,1113,3041.3571428571427
238,Simulation6.3,1.7079238494237263,3307,Rep74,692,3193.5862068965516
239,Simulation6.3,0.16683155695597332,211,Rep557,68,2934.0
240,Simulation6.3,0.3375404953956604,931,Rep730,184,2382.5714285714284
241,Simulation6.3,0.34798351526260374,931,Rep932,199,3020.75
242,Simulation6.3,0.34952528874079386,427,Rep386,168,2060.25
243,Simulation6.3,1.6276983857154845,4867,Rep407,884,3412.3939393939395
244,Simulation6.3,0.346968678633372,643,Rep510,184,2855.5
245,Simulation6.3,0.8940415898958842,1483,Rep13,369,2824.6875
246,Simulation6.3,0.5083827535311382,1507,Rep357,264,2972.1111111111113
247,Simulation6.3,0.16463977495829266,259,Rep72,88,4086.6666666666665
248,Simulation6.3,0.16494649251302082,259,Rep738,44,2594.0
249,Simulation6.3,0.3264274517695109,1051,Rep817,177,2868.8888888888887
250,Simulation6.3,0.674159836769104,1915,Rep546,396,3041.3846153846152
251,Simulation6.3,0.33855947653452556,595,Rep210,162,3249.0
252,Simulation6.3,0.4437026381492615,403,Rep147,196,3189.6
253,Simulation6.3,0.5455145557721456,883,Rep708,237,2949.3636363636365
254,Simulation6.3,1.1561307390530904,2803,Rep540,591,3034.521739130435
255,Simulation6.3,0.32862908045450845,787,Rep694,193,2147.4444444444443
256,Simulation6.3,1.1885682384173075,1963,Rep11,228,3231.6363636363635
257,Simulation6.3,0.1634157101313273,139,Rep266,57,2840.0
258,Simulation6.3,0.33516939481099445,499,Rep223,141,2790.0
259,Simulation6.3,2.6678454240163165,1795,Rep1,556,3012.5555555555557
260,Simulation6.3,0.16494155327479046,67,Rep313,1,515.0
261,Simulation6.3,0.33822383085886637,883,Rep126,101,3089.4
262,Simulation6.3,1.165971847375234,2515,Rep770,637,3441.2
263,Simulation6.3,0.16420515378316244,139,Rep159,71,672.0
264,Simulation6.3,0.3395360509554545,235,Rep743,187,2972.0
265,Simulation6.3,0.1725532054901123,163,Rep535,99,2005.0
266,Simulation6.3,0.7007346510887146,1987,Rep144,329,2727.470588235294
267,Simulation6.3,2.0713844497998557,4387,Rep16,680,2708.0967741935483
268,Simulation6.3,1.0098570148150126,2203,Rep744,585,2834.65
269,Simulation6.3,1.5305033326148987,2131,Rep172,563,3304.375
270,Simulation6.3,0.18696699142456055,139,Rep268,62,2917.0
271,Simulation6.3,0.3308065176010132,715,Rep262,194,2075.5
272,Simulation6.3,0.16865450541178387,139,Rep364,72,3021.0
273,Simulation6.3,0.33468695878982546,907,Rep122,176,3068.8333333333335
274,Simulation6.3,1.2032903830210369,3763,Rep372,672,3204.4333333333334
275,Simulation6.3,0.33405044476191204,715,Rep622,157,2684.3333333333335
276,Simulation6.3,1.4218333999315897,3811,Rep486,764,2944.4444444444443
277,Simulation6.3,0.6796775499979655,1987,Rep782,339,2962.6666666666665
278,Simulation6.3,0.6959848523139953,2947,Rep759,394,2804.923076923077
279,Simulation6.3,0.6117432991663615,1099,Rep133,201,3585.3333333333335
280,Simulation6.3,2.3305758078893026,5107,Rep499,1280,3095.232558139535
281,Simulation6.3,1.0572704633076986,3595,Rep158,566,3113.1304347826085
282,Simulation6.3,0.4210244019826253,811,Rep102,190,2555.375
283,Simulation6.3,0.3297757665316264,1099,Rep679,136,3254.285714285714
284,Simulation6.3,0.7285176237424215,1579,Rep549,354,3368.9
285,Simulation6.3,1.3877876202265422,2443,Rep659,788,2988.2380952380954
286,Simulation6.3,0.1660682956377665,139,Rep128,53,3608.0
287,Simulation6.3,0.8928629835446675,2227,Rep842,493,3325.0526315789475
288,Simulation6.3,0.9164965430895488,1555,Rep626,468,2982.3636363636365
289,Simulation6.3,0.17785844405492146,307,Rep304,78,725.0
290,Simulation6.3,0.16622527837753295,235,Rep874,62,2744.0
291,Simulation6.3,1.1895259936650595,4003,Rep206,664,3440.8275862068967
292,Simulation6.3,0.8478633324305217,2515,Rep979,498,3233.764705882353
293,Simulation6.3,0.1679663300514221,187,Rep78,33,2532.5
294,Simulation6.3,1.090330219268799,3115,Rep444,598,2857.5925925925926
295,Simulation6.3,0.33092012802759807,1627,Rep729,161,3241.0
296,Simulation6.3,0.18509378035863241,355,Rep18,81,3270.0
297,Simulation6.3,0.682590929667155,2731,Rep778,338,2732.722222222222
298,Simulation6.3,0.6745308200518291,1627,Rep374,358,2948.8
299,Simulation6.3,0.3730098009109497,1675,Rep443,194,2172.375
300,Simulation6.3,0.16914846102396647,139,Rep965,26,3467.0
301,Simulation6.3,0.6862154523531596,2299,Rep249,364,2856.769230769231
302,Simulation6.3,0.3432198365529378,835,Rep20,188,2658.25
303,Simulation6.3,0.33350730737050377,259,Rep651,123,3077.5
304,Simulation6.3,0.6741292119026184,2971,Rep323,312,2679.6428571428573
305,Simulation6.3,0.17578934033711752,691,Rep85,84,2511.6666666666665
306,Simulation6.3,0.3399827798207601,355,Rep347,180,1925.3333333333333
307,Simulation6.3,0.5639657020568848,763,Rep403,271,2739.1666666666665
308,Simulation6.3,0.33197546005249023,835,Rep616,191,3159.8571428571427
309,Simulation6.3,2.9727920055389405,4507,Rep189,700,2826.3529411764707
310,Simulation6.3,1.9024430672327677,3691,Rep248,1063,3365.3
311,Simulation6.3,0.35864230394363406,931,Rep623,129,2750.6666666666665
312,Simulation6.3,0.3278057773907979,1195,Rep746,141,2555.1666666666665
313,Simulation6.3,0.3490707834561666,571,Rep901,187,3538.8333333333335
314,Simulation6.3,0.8493576367696126,2707,Rep333,464,2952.3888888888887
315,Simulation6.3,0.709836733341217,2995,Rep792,388,3427.222222222222
316,Simulation6.3,0.32674574057261146,1435,Rep609,194,2400.4444444444443
317,Simulation6.3,1.240322728951772,1507,Rep434,623,2259.6
318,Simulation6.3,0.1980021635691325,283,Rep967,65,3073.25
319,Simulation6.3,0.17349948088328043,283,Rep414,52,2535.0
320,Simulation6.3,0.17298992474873862,139,Rep192,15,618.0
321,Simulation6.3,0.16332567135492962,499,Rep567,99,2682.6666666666665
322,Simulation6.3,0.5262125690778097,2707,Rep450,252,3160.6153846153848
323,Simulation6.3,0.16035343408584596,307,Rep645,63,2971.3333333333335
324,Simulation6.3,0.5089850703875224,1771,Rep221,278,2976.3636363636365
325,Simulation6.3,0.5077737132708232,1435,Rep326,276,3259.181818181818
326,Simulation6.3,0.33546249071757,1171,Rep601,141,3782.1666666666665
327,Simulation6.3,0.1687416394551595,379,Rep545,88,3372.0
328,Simulation6.3,0.3535314559936523,739,Rep907,195,2930.0
329,Simulation6.3,0.17001269658406576,379,Rep724,56,3543.0
330,Simulation6.3,1.0537548303604125,1987,Rep237,580,3170.6428571428573
331,Simulation6.3,1.22697465022405,3139,Rep693,679,3038.64
332,Simulation6.3,0.1612975041071574,139,Rep854,24,3121.0
333,Simulation6.3,1.060350481669108,2803,Rep728,561,2973.4761904761904
334,Simulation6.3,0.1686261812845866,451,Rep973,64,2264.0
335,Simulation6.3,0.3323543588320414,1123,Rep239,156,2776.6
336,Simulation6.3,0.7013291875521342,2155,Rep585,369,2957.8
337,Simulation6.3,1.9971126000086465,5803,Rep438,1051,2906.4186046511627
338,Simulation6.3,0.16191822290420532,547,Rep590,76,3171.5
339,Simulation6.3,0.8362324913342793,3115,Rep841,489,3357.0
340,Simulation6.3,2.1446471333503725,5659,Rep9,966,2983.090909090909
341,Simulation6.3,1.256013067563375,1291,Rep160,277,3548.0
342,Simulation6.3,0.16603580315907795,1363,Rep261,100,3503.0
343,Simulation6.3,0.7456613063812256,2203,Rep98,392,3124.6666666666665
344,Simulation6.3,0.18785690069198607,139,Rep170,29,3070.0
345,Simulation6.3,0.7700193365414937,1411,Rep96,392,2547.6363636363635
346,Simulation6.3,0.16632652680079144,139,Rep818,69,670.0
347,Simulation6.3,1.0228020071983337,2443,Rep337,553,2942.4
348,Simulation6.3,1.5686211546262105,5683,Rep649,874,3351.4
349,Simulation6.3,0.17067931095759073,331,Rep338,44,2349.6666666666665
350,Simulation6.3,0.1705552379290263,331,Rep277,62,3024.0
351,Simulation6.3,0.17041269143422444,955,Rep417,95,4122.666666666667
352,Simulation6.3,1.555257745583852,3859,Rep264,853,3121.4814814814813
353,Simulation6.3,1.0044761180877686,2155,Rep586,564,2685.6470588235293
354,Simulation6.3,0.16202145020167033,235,Rep341,26,3751.0
355,Simulation6.3,0.5366704583168029,955,Rep335,295,2886.222222222222
356,Simulation6.3,0.6648253440856934,739,Rep772,395,3382.5555555555557
357,Simulation6.3,0.17972174485524495,235,Rep459,94,1533.5
358,Simulation6.3,1.4069677313168845,1219,Rep30,272,2799.8
359,Simulation6.3,0.39137162764867145,547,Rep681,163,2879.2
360,Simulation6.3,1.7464628537495932,4579,Rep689,972,2949.285714285714
361,Simulation6.3,0.17397534847259521,283,Rep491,78,2417.6666666666665
362,Simulation6.3,0.16332847277323406,811,Rep294,99,3218.0
363,Simulation6.3,0.5250950217247009,2299,Rep177,292,3021.9333333333334
364,Simulation6.3,0.5044655005137125,643,Rep930,271,3497.4444444444443
365,Simulation6.3,0.18174331188201903,427,Rep322,36,2898.0
366,Simulation6.3,0.34355390469233194,1387,Rep509,168,3316.375
367,Simulation6.3,0.3286935369173686,1147,Rep788,192,3273.3636363636365
368,Simulation6.3,0.7148521423339844,2323,Rep492,399,2951.8333333333335
369,Simulation6.3,0.5278134028116862,883,Rep952,287,2614.222222222222
370,Simulation6.3,0.501126766204834,2251,Rep808,253,2683.4166666666665
371,Simulation6.3,0.38108941713968914,979,Rep110,145,2980.3333333333335
372,Simulation6.3,0.5134849627812703,931,Rep892,259,2897.090909090909
373,Simulation6.3,0.33025120894114174,379,Rep621,179,2481.0
374,Simulation6.3,0.6791581829388936,1603,Rep303,400,2773.3333333333335
375,Simulation6.3,1.4862588405609132,2515,Rep501,783,3098.25
376,Simulation6.3,0.1935420791308085,211,Rep392,62,3164.3333333333335
377,Simulation6.3,1.3755975206693014,3235,Rep963,763,3192.076923076923
378,Simulation6.3,2.377408715089162,6763,Rep931,1390,3148.625
379,Simulation6.3,0.8411100347836812,3211,Rep948,453,2850.6
380,Simulation6.3,0.33875110546747844,283,Rep897,131,3076.5
381,Simulation6.3,0.17179062763849895,307,Rep61,89,2589.5
382,Simulation6.3,0.5115499695142111,1339,Rep773,290,2553.625
383,Simulation6.3,0.34596006870269774,691,Rep938,183,2861.8571428571427
384,Simulation6.3,1.4154060204823813,3787,Rep56,569,3102.5862068965516
385,Simulation6.3,0.3260659416516622,283,Rep568,189,2385.3333333333335
386,Simulation6.3,0.5467688918113709,1219,Rep408,221,3484.6
387,Simulation6.3,0.563122280438741,1603,Rep489,284,3462.1111111111113
388,Simulation6.3,0.3335408488909403,811,Rep331,193,3350.5
389,Simulation6.3,0.17093523740768432,547,Rep44,53,3252.0
390,Simulation6.3,1.8596903403600058,4075,Rep676,1095,3054.9736842105262
391,Simulation6.3,0.42902605136235555,307,Rep101,136,1933.3333333333333
392,Simulation6.3,0.35890512466430663,451,Rep33,193,3610.0
393,Simulation6.3,0.16424365838368735,427,Rep218,82,1645.25
394,Simulation6.3,2.055491538842519,4147,Rep162,795,3109.08
395,Simulation6.3,4.296812776724497,6955,Rep51,1568,3089.1372549019607
396,Simulation6.3,0.7545625726381938,2539,Rep423,370,3168.0
397,Simulation6.3,0.16325281063715616,523,Rep66,85,2925.25
398,Simulation6.3,2.686047315597534,6595,Rep599,1563,3113.1666666666665
399,Simulation6.3,2.022540279229482,3595,Rep849,1188,3312.906976744186
400,Simulation6.3,0.6636533776919047,1003,Rep980,341,3188.5
401,Simulation6.3,0.33530573050181073,1051,Rep349,161,2679.375
402,Simulation6.3,0.5250784595807393,1051,Rep547,210,3522.5
403,Simulation6.3,0.7184390862782796,1435,Rep182,199,2518.5714285714284
404,Simulation6.3,0.16754897435506186,211,Rep152,41,1531.0
405,Simulation6.3,0.16804848114649454,715,Rep290,80,2333.6666666666665
406,Simulation6.3,0.1677043596903483,595,Rep872,78,1831.3333333333333
407,Simulation6.3,0.16814260880152385,211,Rep270,85,3971.3333333333335
408,Simulation6.3,1.2584967454274496,2083,Rep439,643,2671.7894736842104
409,Simulation6.3,0.34948806365331014,811,Rep657,185,3621.6666666666665
410,Simulation6.3,1.3594502011934917,3235,Rep742,783,2794.4444444444443
411,Simulation6.3,0.4954459309577942,2083,Rep274,238,2971.8333333333335
412,Simulation6.3,0.34814678827921547,1123,Rep296,167,2915.4444444444443
413,Simulation6.3,0.8891437808672588,3475,Rep460,450,3285.9545454545455
414,Simulation6.3,0.3434845487276713,547,Rep306,199,3255.5
415,Simulation6.3,0.3318068067232768,427,Rep610,183,2180.75
416,Simulation6.3,0.6816775957743327,1243,Rep302,365,3554.222222222222
417,Simulation6.3,2.0382194916407266,6259,Rep577,1137,2938.3333333333335
418,Simulation6.3,1.36553612947464,3139,Rep950,780,3257.5384615384614
419,Simulation6.3,0.7028782526652019,1603,Rep193,396,3260.25
420,Simulation6.3,0.17532197634379068,427,Rep402,100,3636.6
421,Simulation6.3,0.1689361333847046,427,Rep94,98,3049.5
422,Simulation6.3,0.6146335283915202,1147,Rep115,221,3275.9
423,Simulation6.3,0.3290124217669169,835,Rep654,131,2990.5
424,Simulation6.3,1.0801704287528993,1291,Rep498,562,3094.3636363636365
425,Simulation6.3,1.2614774425824484,3907,Rep508,700,3232.4
426,Simulation6.3,1.802728243668874,1051,Rep148,200,3464.5714285714284
427,Simulation6.3,0.3642268776893616,355,Rep816,177,2736.0
428,Simulation6.3,0.4837072173754374,787,Rep39,167,2491.6
429,Simulation6.3,0.20146424770355226,139,Rep212,21,1922.0
430,Simulation6.3,0.1709826668103536,643,Rep571,47,3343.75
431,Simulation6.3,0.16779390176137288,355,Rep525,95,2985.0
432,Simulation6.3,1.7444166898727418,1171,Rep49,393,3391.625
433,Simulation6.3,0.18073161840438842,475,Rep554,56,2879.25
434,Simulation6.3,0.169321608543396,595,Rep173,92,3665.4
435,Simulation6.3,0.702023176352183,1651,Rep765,378,2661.8
436,Simulation6.3,0.3308015505472819,1507,Rep663,136,2955.714285714286
437,Simulation6.3,0.517139180501302,523,Rep813,264,3241.3333333333335
438,Simulation6.3,0.3400078813234965,763,Rep534,171,2306.4
439,Simulation6.3,0.16717989444732667,139,Rep330,69,565.0
440,Simulation6.3,0.16812018156051636,187,Rep974,53,2353.5
441,Simulation6.3,2.2056113322575888,5203,Rep766,1265,3452.657894736842
442,Simulation6.3,1.2032186627388,3115,Rep605,698,3133.848484848485
443,Simulation6.3,0.3511895259221395,1555,Rep470,123,3613.0
444,Simulation6.3,0.16644849379857382,403,Rep908,74,3598.5
445,Simulation6.3,0.3547225475311279,1003,Rep856,171,2960.5714285714284
446,Simulation6.3,0.18225257794062297,259,Rep503,99,2495.5
447,Simulation6.3,0.1684881051381429,139,Rep10,56,1697.0
448,Simulation6.3,0.5064518531163533,259,Rep861,295,2713.5
449,Simulation6.3,0.16646889050801594,235,Rep775,23,3018.0
450,Simulation6.3,0.5028478741645813,1411,Rep565,299,2601.2727272727275
451,Simulation6.3,0.513361656665802,1699,Rep927,271,2913.222222222222
452,Simulation6.3,0.544911781946818,907,Rep487,271,3592.75
453,Simulation6.3,0.8057683944702149,1867,Rep125,389,3347.285714285714
454,Simulation6.3,0.3386118173599243,667,Rep642,166,3209.1428571428573
455,Simulation6.3,1.1979183634122212,3883,Rep925,690,2864.222222222222
456,Simulation6.3,0.9002580364545186,2035,Rep506,482,3303.5714285714284
457,Simulation6.3,0.3664814074834188,163,Rep830,141,2723.5
458,Simulation6.3,0.5000097870826721,1123,Rep781,263,2673.0
459,Simulation6.3,0.16594460407892864,331,Rep228,34,4168.0
460,Simulation6.3,0.17677735487620036,259,Rep428,50,2256.5
461,Simulation6.3,0.5255210081736247,667,Rep415,295,3490.8571428571427
462,Simulation6.3,2.559510819117228,3715,Rep946,1488,2888.6052631578946
463,Simulation6.3,0.674114716053009,1555,Rep265,383,3067.818181818182
464,Simulation6.3,1.2364338835080464,3427,Rep478,670,3056.846153846154
465,Simulation6.3,0.169798211256663,139,Rep754,13,4121.0
466,Simulation6.3,0.5032619754473369,1531,Rep701,294,3072.5714285714284
467,Simulation6.3,0.1624676505724589,763,Rep852,41,2492.0
468,Simulation6.3,0.6952303091684977,2371,Rep905,391,2956.0
469,Simulation6.3,0.7997296571731567,859,Rep120,155,2652.0
470,Simulation6.3,0.9983049670855204,2155,Rep592,577,3328.529411764706
471,Simulation6.3,0.16924679279327393,547,Rep105,79,3103.8
472,Simulation6.3,1.057084314028422,3787,Rep366,600,3482.608695652174
473,Simulation6.3,0.34799249172210694,331,Rep471,153,3444.3333333333335
474,Simulation6.3,0.17166690826416015,139,Rep447,36,3941.0
475,Simulation6.3,0.3257688403129578,523,Rep822,111,2112.6
476,Simulation6.3,1.1752610484759012,3499,Rep916,692,3230.9310344827586
477,Simulation6.3,0.5295180559158326,595,Rep41,198,2898.2
478,Simulation6.3,0.6484320720036825,1987,Rep944,391,3089.3333333333335
479,Simulation6.3,1.1891009211540222,3451,Rep559,671,3048.28
480,Simulation6.3,0.7261183698972066,1243,Rep495,371,2875.5555555555557
481,Simulation6.3,0.8359600186347962,1843,Rep832,487,3454.5
482,Simulation6.3,1.5451924602190654,3307,Rep196,874,2969.4333333333334
483,Simulation6.3,3.0404253323872883,5395,Rep23,1064,3198.2727272727275
484,Simulation6.3,1.2024242281913757,2011,Rep764,696,3064.318181818182
485,Simulation6.3,0.7234784245491028,2107,Rep454,354,3403.0666666666666
486,Simulation6.3,0.33273852268854776,1171,Rep977,126,2317.25
487,Simulation6.3,3.0714758038520813,5563,Rep75,1293,3089.5238095238096
488,Simulation6.3,0.5797680616378784,1003,Rep108,279,3411.4285714285716
489,Simulation6.3,1.0427349845568339,1459,Rep452,526,3383.25
490,Simulation6.3,1.0475704034169515,1627,Rep810,564,3246.1875
491,Simulation6.3,0.8466151396433512,2347,Rep320,468,3184.5263157894738
492,Simulation6.3,0.4996273398399353,331,Rep336,233,3785.0
493,Simulation6.3,0.3538129091262817,1363,Rep655,198,2906.5
494,Simulation6.3,0.5427475134531657,1651,Rep421,299,3000.6875
495,Simulation6.3,0.359982164700826,1219,Rep906,194,3347.0
496,Simulation6.3,0.1660741408665975,571,Rep968,87,3798.5
497,Simulation6.3,1.6340507547060648,3691,Rep31,633,3042.310344827586
498,Simulation6.3,1.0814399441083273,3187,Rep2,479,2894.590909090909
499,Simulation6.3,1.9105354825655618,2755,Rep375,1085,2911.24
500,Simulation6.3,0.7011670271555582,2227,Rep598,363,3204.133333333333
501,Simulation6.3,0.334826930363973,1315,Rep921,200,3339.375
502,Simulation6.3,0.4400371869405111,1771,Rep45,178,3647.4545454545455
503,Simulation6.3,0.6603811661402385,1483,Rep853,367,2707.3333333333335
504,Simulation6.3,1.2624023795127868,3667,Rep526,608,3130.1481481481483
505,Simulation6.3,1.2187509775161742,3883,Rep827,695,3229.8571428571427
506,Simulation6.3,1.565318806966146,2563,Rep37,387,2759.923076923077
507,Simulation6.3,3.553164478143056,7795,Rep157,1382,3224.830508474576
508,Simulation6.3,0.34089698394139606,307,Rep835,153,2585.5
509,Simulation6.3,0.8562767505645752,715,Rep114,337,2843.1111111111113
510,Simulation6.3,0.6775527993837992,1555,Rep640,394,3128.3333333333335
511,Simulation6.3,0.6733666300773621,1315,Rep787,397,2744.3333333333335
512,Simulation6.3,0.828348441918691,2203,Rep213,464,3509.5714285714284
513,Simulation6.3,1.9842239975929261,5299,Rep556,1111,3344.75
514,Simulation6.3,1.409172491232554,1579,Rep611,795,3440.0
515,Simulation6.3,0.5203901290893554,1507,Rep427,294,3593.909090909091
516,Simulation6.3,0.6934398969014486,715,Rep464,389,2300.625
517,Simulation6.3,1.022316845258077,3595,Rep873,504,2863.625
518,Simulation6.3,1.320605492591858,1843,Rep154,363,3116.0
519,Simulation6.3,0.16591971317927043,403,Rep911,93,3444.0
520,Simulation6.3,0.35168299277623494,1123,Rep461,126,3482.375
521,Simulation6.3,0.34691672325134276,2035,Rep319,198,2383.8
522,Simulation6.3,0.16467231512069702,811,Rep251,43,2366.6666666666665
523,Simulation6.3,0.17238399585088093,451,Rep137,78,1819.5
524,Simulation6.3,0.21273523171742756,139,Rep801,92,1487.0
525,Simulation6.3,0.17889573176701865,763,Rep683,100,2832.0
526,Simulation6.3,0.3562764525413513,283,Rep225,168,1430.5
527,Simulation6.3,0.36054697036743166,1291,Rep690,193,3143.4444444444443
528,Simulation6.3,2.0198710878690083,3187,Rep26,793,3164.181818181818
529,Simulation6.3,1.146609075864156,2419,Rep602,695,2973.277777777778
530,Simulation6.3,0.3309705416361491,475,Rep984,156,2836.3333333333335
531,Simulation6.3,0.6528485616048177,2179,Rep620,373,3421.9
532,Simulation6.3,0.33415478467941284,523,Rep752,156,3177.1428571428573
533,Simulation6.3,0.34706435998280843,1123,Rep834,187,3714.9
534,Simulation6.3,0.6705842653910319,1843,Rep776,331,3087.5
535,Simulation6.3,0.1609097679456075,475,Rep828,78,2569.0
536,Simulation6.3,0.17808451255162558,235,Rep949,69,2528.5
537,Simulation6.3,0.36377813418706256,403,Rep42,62,2324.5
538,Simulation6.3,0.5351731379826864,163,Rep109,104,3338.5
539,Simulation6.3,0.34841099977493284,667,Rep668,167,3013.6666666666665
540,Simulation6.3,0.856326413154602,2731,Rep959,462,2770.2
541,Simulation6.3,1.7315789858500164,4363,Rep541,989,2975.057142857143
542,Simulation6.3,0.21153963406880696,235,Rep895,1,4788.0
543,Simulation6.3,0.334686811765035,1147,Rep169,163,3348.875
544,Simulation6.3,2.0068358540534974,523,Rep32,356,3174.0
545,Simulation6.3,0.17006726264953614,259,Rep118,87,2626.0
546,Simulation6.3,2.212816675504049,5059,Rep634,1270,3223.5384615384614
547,Simulation6.3,0.844357415040334,955,Rep845,487,2933.777777777778
548,Simulation6.3,0.6928598801294963,1219,Rep321,304,2828.6363636363635
549,Simulation6.3,1.3985373854637146,3379,Rep987,747,2831.548387096774
550,Simulation6.3,0.33144668738047284,691,Rep667,192,3549.4
551,Simulation6.3,0.6710879325866699,979,Rep200,361,3053.6666666666665
552,Simulation6.3,1.035843801498413,2155,Rep343,578,3142.6111111111113
553,Simulation6.3,0.16495671272277831,859,Rep844,79,2414.6
554,Simulation6.3,1.02591183980306,1531,Rep902,591,3250.153846153846
555,Simulation6.3,0.18235324223836263,883,Rep393,94,2935.75
556,Simulation6.3,0.1695690393447876,211,Rep875,95,1148.0
557,Simulation6.3,0.15873881578445434,235,Rep660,49,3872.0
558,Simulation6.3,0.17114729483922322,1147,Rep90,93,2891.8
559,Simulation6.3,0.33724214633305866,1387,Rep300,187,2788.125
560,Simulation6.3,1.3352049271265665,2539,Rep760,725,2962.1428571428573
561,Simulation6.3,0.32824389934539794,571,Rep859,198,1978.8333333333333
562,Simulation6.3,1.087124482790629,3283,Rep705,536,3024.875
563,Simulation6.3,0.17864444653193157,163,Rep917,52,806.0
564,Simulation6.3,0.1672169049580892,283,Rep995,21,1972.0
565,Simulation6.3,7.462758652369181,5611,Rep174,1385,2892.127659574468
566,Simulation6.3,0.17528658707936604,235,Rep379,85,2281.3333333333335
567,Simulation6.3,0.170693035920461,139,Rep353,62,2392.0
568,Simulation6.3,1.0273565610249837,2107,Rep972,572,3563.6666666666665
569,Simulation6.3,0.15865508715311685,379,Rep670,69,2988.0
570,Simulation6.3,0.36367297569910684,211,Rep387,165,2622.3333333333335
571,Simulation6.3,2.8539680083592733,5515,Rep117,921,2846.657142857143
572,Simulation6.3,0.1692659060160319,163,Rep912,79,3624.5
573,Simulation6.3,0.5480157295862834,1363,Rep389,297,3533.090909090909
574,Simulation6.3,0.17120844920476277,451,Rep790,61,2694.0
575,Simulation6.3,0.16493550141652424,163,Rep769,88,3434.5
576,Simulation6.3,0.6124905864397685,2755,Rep178,265,3214.4166666666665
577,Simulation6.3,0.4999785661697388,1219,Rep881,300,2520.3333333333335
578,Simulation6.3,0.7220661004384359,1651,Rep400,370,2993.1428571428573
579,Simulation6.3,1.9079177618026733,3259,Rep647,1096,2857.6451612903224
580,Simulation6.3,0.8247892260551453,1627,Rep958,469,2922.5714285714284
581,Simulation6.3,1.0480135480562847,3091,Rep368,577,2919.9166666666665
582,Simulation6.3,0.7598123629887898,1363,Rep185,253,2515.0
583,Simulation6.3,1.1935800671577455,3379,Rep191,621,2933.75
584,Simulation6.3,0.9082303365071615,3667,Rep497,418,3561.4347826086955
585,Simulation6.3,0.5411646684010823,1795,Rep867,299,3692.875
586,Simulation6.3,1.6889324585596721,4051,Rep129,587,2764.9523809523807
587,Simulation6.3,0.38228075901667274,619,Rep551,164,3703.6666666666665
588,Simulation6.3,0.6645252664883932,2323,Rep672,353,2700.176470588235
589,Simulation6.3,0.3357859492301941,787,Rep186,188,3226.3333333333335
590,Simulation6.3,0.371506671110789,475,Rep475,116,2099.25
591,Simulation6.3,0.16147873004277546,955,Rep898,97,2950.75
592,Simulation6.3,0.35783848762512205,739,Rep446,114,3045.6666666666665
593,Simulation6.3,0.16748279333114624,187,Rep741,51,3051.0
594,Simulation6.3,0.34127500851949055,259,Rep325,152,1303.75
595,Simulation6.3,0.17286298274993897,283,Rep481,68,3032.0
596,Simulation6.3,1.3607682824134826,2155,Rep231,799,2844.3
597,Simulation6.3,1.0220025936762491,2155,Rep717,566,2778.1111111111113
598,Simulation6.3,0.6892384966214498,2131,Rep103,390,2875.8888888888887
599,Simulation6.3,1.3105061650276184,1963,Rep135,563,2906.1111111111113
600,Simulation6.3,2.538927944501241,4507,Rep50,971,3562.4411764705883
601,Simulation6.3,0.1670292576154073,187,Rep821,84,3336.0
602,Simulation6.3,1.0229618469874064,1819,Rep201,577,3788.75
603,Simulation6.3,0.32896740436553956,643,Rep247,126,2205.0
604,Simulation6.3,0.16800196568171183,931,Rep371,81,3008.75
605,Simulation6.3,0.7636948863665263,1579,Rep184,329,3559.4615384615386
606,Simulation6.3,0.9864690105120341,4123,Rep675,597,2704.3333333333335
607,Simulation6.3,1.173517354329427,2827,Rep774,668,3002.3
608,Simulation6.3,0.3717986702919006,475,Rep572,150,3796.0
609,Simulation6.3,0.6679743091265361,1867,Rep786,357,3043.375
610,Simulation6.3,0.16900540987650553,451,Rep167,94,3147.0
611,Simulation6.3,0.1657747228940328,427,Rep855,62,2973.25
612,Simulation6.3,0.5133639335632324,787,Rep656,261,3298.285714285714
613,Simulation6.3,0.5216501116752624,835,Rep422,236,3385.625
614,Simulation6.3,0.1867971698443095,283,Rep710,29,1615.0
615,Simulation6.3,0.4993341565132141,1891,Rep982,264,2722.769230769231
616,Simulation6.3,0.33205584685007733,1915,Rep220,192,3045.0
617,Simulation6.3,1.9947087248166402,6427,Rep448,1082,3343.3541666666665
618,Simulation6.3,0.3398395498593648,763,Rep851,173,3072.8
619,Simulation6.3,0.1655321717262268,475,Rep923,85,2207.6
620,Simulation6.3,0.16875423987706503,475,Rep883,56,2486.4
621,Simulation6.3,0.3597535530726115,835,Rep712,194,3533.1111111111113
622,Simulation6.3,0.5353285392125448,211,Rep748,222,2423.0
623,Simulation6.3,2.5865030527114867,7939,Rep666,1431,3298.0862068965516
624,Simulation6.3,0.16462423006693522,1099,Rep318,84,1872.0
625,Simulation6.3,0.6754053354263305,2179,Rep544,380,2654.3125
626,Simulation6.3,0.16651119391123453,139,Rep250,53,737.0
627,Simulation6.3,0.3514867901802063,307,Rep227,108,3094.0
628,Simulation6.3,1.16795095205307,2683,Rep597,695,2706.1923076923076
629,Simulation6.3,0.16668862104415894,475,Rep777,49,2421.5
630,Simulation6.3,0.15993389288584392,187,Rep604,64,1318.0
631,Simulation6.3,2.7561583797136944,8131,Rep235,1600,3019.1296296296296
632,Simulation6.3,0.19041316111882528,355,Rep711,83,3198.5
633,Simulation6.3,0.3363967498143514,283,Rep222,194,2314.5
634,Simulation6.3,3.056216104825338,4147,Rep93,1295,2980.2571428571428
635,Simulation6.3,1.098416562875112,2995,Rep425,529,3071.1875
636,Simulation6.3,0.7139864325523376,2683,Rep143,293,3196.3076923076924
637,Simulation6.3,0.17925815184911092,211,Rep529,68,759.0
638,Simulation6.3,0.3542903105417887,523,Rep533,118,3485.25
639,Simulation6.3,0.8573236306508382,1291,Rep211,404,2520.777777777778
640,Simulation6.3,0.5054000735282898,619,Rep929,241,3104.1428571428573
641,Simulation6.3,0.17553879022598268,163,Rep477,18,685.0
642,Simulation6.3,0.9107447743415833,1579,Rep378,404,3073.2727272727275
643,Simulation6.3,1.1263514041900635,1411,Rep68,281,2654.25
644,Simulation6.3,0.8565919756889343,2299,Rep737,495,3260.8260869565215
645,Simulation6.3,0.8338406046231588,3019,Rep646,458,3059.391304347826
646,Simulation6.3,2.2331318179766337,7531,Rep829,1295,3121.5
647,Simulation6.3,0.3695217887560526,523,Rep57,133,2489.3333333333335
648,Simulation6.3,0.16764129400253297,259,Rep224,89,1368.0
649,Simulation6.3,1.1711607694625854,3235,Rep352,694,3185.6071428571427
650,Simulation6.3,0.5198520183563232,1027,Rep555,280,3114.5454545454545
651,Simulation6.3,0.34004256725311277,1315,Rep87,178,3447.818181818182
652,Simulation6.3,0.33051625490188596,1315,Rep345,153,2986.0
653,Simulation6.3,1.1030066887537637,1891,Rep383,552,3224.3684210526317
654,Simulation6.3,1.2756048679351806,5491,Rep410,636,3149.6363636363635
655,Simulation6.3,1.0434117317199707,2635,Rep259,598,3048.823529411765
656,Simulation6.3,1.551140264670054,2587,Rep311,876,3198.64
657,Simulation6.3,0.501179019610087,1219,Rep595,261,2855.1428571428573
658,Simulation6.3,0.17132833401362102,1123,Rep267,98,3293.1428571428573
659,Simulation6.3,1.176776917775472,4267,Rep207,678,3172.96
660,Simulation6.3,0.7131425062815349,2539,Rep986,356,2994.0666666666666
661,Simulation6.3,1.3344013690948486,3523,Rep276,715,3259.153846153846
662,Simulation6.3,0.664897084236145,2275,Rep993,304,3120.4166666666665
663,Simulation6.3,0.45226072867711387,451,Rep176,174,2661.8
664,Simulation6.3,0.17611322005589802,451,Rep409,61,2334.3333333333335
665,Simulation6.3,0.6641838033994039,2371,Rep812,371,3228.076923076923
666,Simulation6.3,0.7272788008054097,1747,Rep558,356,3005.0
667,Simulation6.3,0.3653669993082682,1435,Rep632,197,2871.0
668,Simulation6.3,0.5238329529762268,2179,Rep677,271,3037.3125
669,Simulation6.3,0.34303009510040283,1171,Rep837,189,2780.1111111111113
670,Simulation6.3,0.892739494641622,1147,Rep82,353,2959.25
671,Simulation6.3,1.199244252840678,2347,Rep650,626,3508.3
672,Simulation6.3,0.16391519705454508,883,Rep768,62,3027.5
673,Simulation6.3,0.1692050576210022,139,Rep483,63,2380.0
674,Simulation6.3,0.18146268129348755,355,Rep81,89,3062.0
675,Simulation6.3,0.5705747008323669,1339,Rep463,300,3007.0
676,Simulation6.3,0.16070308685302734,307,Rep71,68,3034.0
677,Simulation6.3,0.3626035372416178,1051,Rep180,171,3071.3333333333335
678,Simulation6.3,0.167007311185201,331,Rep25,28,3296.0
679,Simulation6.3,1.1227346738179524,2707,Rep538,585,3118.5
680,Simulation6.3,0.5317536473274231,595,Rep956,295,2550.2
681,Simulation6.3,0.17070335149765015,283,Rep714,5,782.0
682,Simulation6.3,0.5384288946787517,931,Rep260,228,2936.25
683,Simulation6.3,2.93812396923701,8971,Rep328,1692,3026.560606060606
684,Simulation6.3,0.16815730730692546,499,Rep62,78,2821.3333333333335
685,Simulation6.3,0.5227320790290833,1099,Rep566,231,2450.8333333333335
686,Simulation6.3,2.4492503801981607,6211,Rep263,1304,3024.0526315789475
687,Simulation6.3,0.33720781405766803,1195,Rep194,161,3909.6666666666665
688,Simulation6.3,0.5272551774978638,1003,Rep462,295,3183.3076923076924
689,Simulation6.3,0.7490731159845988,1003,Rep716,333,3230.3333333333335
690,Simulation6.3,1.5602131088574727,2443,Rep354,829,3157.0384615384614
691,Simulation6.3,0.5554527441660563,763,Rep419,277,3141.8571428571427
692,Simulation6.3,0.6928373098373413,1099,Rep281,333,2706.1111111111113
693,Simulation6.3,0.38723707596460977,1147,Rep713,153,2819.8888888888887
694,Simulation6.3,1.8872700532277424,2827,Rep365,1077,2937.0
695,Simulation6.3,0.1771437684694926,187,Rep430,56,2601.5
696,Simulation6.3,0.164677099386851,163,Rep999,56,4766.0
697,Simulation6.3,2.0107921759287515,4939,Rep256,1189,2956.2619047619046
698,Simulation6.3,1.2423126180966695,1315,Rep55,278,2727.5555555555557
699,Simulation6.3,0.9387828469276428,2323,Rep73,356,3018.4285714285716
700,Simulation6.3,0.16940134366353352,235,Rep219,36,609.0
701,Simulation6.3,0.32665817737579345,979,Rep903,156,3010.0
702,Simulation6.3,1.6982763250668844,4339,Rep390,887,3202.3225806451615
703,Simulation6.3,0.522677465279897,1435,Rep706,275,2786.5833333333335
704,Simulation6.3,1.6145459334055583,3595,Rep802,895,3244.125
705,Simulation6.3,0.1704213817914327,283,Rep92,6,3267.0
706,Simulation6.3,1.0411409139633179,1339,Rep382,560,3253.6315789473683
707,Simulation6.3,1.007555373509725,2083,Rep155,363,3064.5714285714284
708,Simulation6.3,1.5246694048245748,3547,Rep324,892,3321.3225806451615
709,Simulation6.3,0.16607587734858195,763,Rep630,72,1273.3333333333333
710,Simulation6.3,0.7253392140070597,2179,Rep482,349,3315.6153846153848
711,Simulation6.3,0.534445325533549,739,Rep831,255,3307.5
712,Simulation6.3,0.16470555464426676,187,Rep578,62,3039.0
713,Simulation6.3,0.33120137055714927,1531,Rep789,156,2426.875
714,Simulation6.3,0.16915313800175985,1531,Rep258,98,2747.0
715,Simulation6.3,0.17532627979914348,907,Rep86,93,2058.0
716,Simulation6.3,0.5234451413154602,427,Rep899,241,3246.0
717,Simulation6.3,2.3992201765378316,5275,Rep520,1264,3231.093023255814
718,Simulation6.3,0.1608759840329488,139,Rep840,41,2059.0
719,Simulation6.3,0.5136389255523681,1243,Rep370,284,3219.9
720,Simulation6.3,1.6072067896525064,4267,Rep466,838,3424.6875
721,Simulation6.3,0.1606973648071289,979,Rep584,90,3953.0
722,Simulation6.3,1.8591374238332112,1363,Rep5,351,3081.4166666666665
723,Simulation6.3,0.6788422306378682,979,Rep807,352,3361.0
724,Simulation6.3,0.5128460605939229,979,Rep164,178,3335.1666666666665
725,Simulation6.3,0.1689474622408549,331,Rep22,99,3853.75
726,Simulation6.3,0.8870839238166809,3307,Rep493,478,2873.0526315789475
727,Simulation6.3,0.18715031941731772,259,Rep725,61,2648.0
728,Simulation6.3,0.33808500369389854,523,Rep202,167,2734.285714285714
729,Simulation6.3,0.5011346260706584,571,Rep631,264,2938.0
730,Simulation6.3,1.7135267416636148,2011,Rep52,696,3112.95
731,Simulation6.3,1.6311064998308817,5107,Rep458,893,2933.78125
732,Simulation6.3,0.703985885779063,1099,Rep449,365,2447.7
733,Simulation6.3,0.34506999254226683,235,Rep794,199,2083.6666666666665
734,Simulation6.3,0.7543135205904643,1987,Rep391,383,2936.5833333333335
735,Simulation6.3,2.043591117858887,4411,Rep314,1153,3261.102564102564
736,Simulation6.3,0.5438096483548482,811,Rep824,246,3212.0
737,Simulation6.3,1.4127412160237631,1363,Rep0,462,2880.8
738,Simulation6.3,0.16059838533401488,139,Rep989,1,1381.0
739,Simulation6.3,0.16710570255915325,907,Rep342,41,3052.25
740,Simulation6.3,0.16656891504923502,187,Rep981,31,2931.0
741,Simulation6.3,0.8351391832033793,2539,Rep363,491,2898.125
742,Simulation6.3,1.7120133320490518,5203,Rep940,961,3044.951219512195
743,Simulation6.3,0.5508842587471008,2419,Rep682,263,2988.785714285714
744,Simulation6.3,1.037344785531362,2467,Rep58,316,2814.235294117647
745,Simulation6.3,0.7374177694320678,1435,Rep918,387,3329.9
746,Simulation6.3,0.1671401580174764,235,Rep289,95,3372.0
747,Simulation6.3,1.0407430529594421,1219,Rep163,371,2503.3
748,Simulation6.3,0.70197407801946,1267,Rep469,399,3411.4375
749,Simulation6.3,0.3379762609799703,811,Rep271,190,3064.1111111111113
750,Simulation6.3,0.3852119088172913,1435,Rep28,151,3351.375
751,Simulation6.3,0.17948901255925495,163,Rep678,56,2303.5
752,Simulation6.3,0.5041281898816427,1267,Rep826,205,2520.222222222222
753,Simulation6.3,2.7069577892621357,4747,Rep437,1487,3181.4
754,Simulation6.3,1.0383426547050476,1699,Rep340,588,3430.0
755,Simulation6.3,0.18219751516977947,355,Rep734,51,3121.4285714285716
756,Simulation6.3,1.1651446620623271,4555,Rep896,678,2867.7714285714287
757,Simulation6.3,0.18188683986663817,379,Rep315,84,2628.0
758,Simulation6.3,0.16792383591334026,379,Rep209,45,2288.6666666666665
759,Simulation6.3,2.024750037988027,4771,Rep134,878,3661.970588235294
760,Simulation6.3,0.3606484373410543,715,Rep739,172,2263.25
761,Simulation6.3,0.5096366008122762,835,Rep624,201,2831.0
762,Simulation6.3,1.7014017621676127,3907,Rep107,680,2854.269230769231
763,Simulation6.3,1.3550286213556926,3451,Rep935,765,2738.064516129032
764,Simulation6.3,0.7217576265335083,1219,Rep404,364,2725.0
765,Simulation6.3,0.32972206274668375,787,Rep24,156,2791.625
766,Simulation6.3,0.17076402107874553,1651,Rep684,78,3098.125
767,Simulation6.3,1.4866186062494913,3307,Rep530,771,2981.864864864865
768,Simulation6.3,4.0073498606681826,9859,Rep527,2195,3360.2272727272725
769,Simulation6.3,2.55295596520106,4243,Rep570,1431,2649.6969696969695
770,Simulation6.3,0.18965831597646077,403,Rep507,40,2499.3333333333335
771,Simulation6.3,0.1871928334236145,955,Rep279,83,2270.5
772,Simulation6.3,0.884271748860677,1771,Rep388,475,2957.9523809523807
773,Simulation6.3,0.6805173913637798,2323,Rep957,398,2960.823529411765
774,Simulation6.3,0.1644787907600403,907,Rep994,70,3474.6
775,Simulation6.3,1.5860581000645955,3979,Rep691,871,3106.75
776,Simulation6.3,1.004300876458486,2563,Rep913,593,2934.6190476190477
777,Simulation6.3,0.16763947010040284,211,Rep839,53,1792.0
778,Simulation6.3,0.5181662281354268,1363,Rep735,269,3184.5
779,Simulation6.3,0.3384203831354777,1003,Rep275,185,2663.6666666666665
780,Simulation6.3,0.1827780286471049,259,Rep970,87,985.0
781,Simulation6.3,0.5033637086550394,475,Rep242,269,2865.6666666666665
782,Simulation6.3,1.758747903505961,1891,Rep183,675,3181.75
783,Simulation6.3,1.8913071711858114,3835,Rep709,963,2910.657142857143
784,Simulation6.3,1.1635677218437195,3331,Rep751,658,2927.304347826087
785,Simulation6.3,0.1755183776219686,451,Rep524,74,2655.0
786,Simulation6.3,0.8847792029380799,2947,Rep467,499,3136.4666666666667
787,Simulation6.3,0.3495423078536987,379,Rep418,163,2952.8333333333335
788,Simulation6.3,0.33220677773157753,331,Rep964,188,1932.8333333333333
789,Simulation6.3,0.5406584024429322,1867,Rep934,284,3079.1428571428573
790,Simulation6.3,1.2481874267260233,3787,Rep298,690,3094.3214285714284
791,Simulation6.3,1.3838887055714926,3811,Rep804,758,3087.2
792,Simulation6.3,0.16248321533203125,139,Rep797,36,2758.0
793,Simulation6.3,0.1726852575937907,427,Rep516,98,1463.5
794,Simulation6.3,0.4586444854736328,835,Rep69,171,3663.8
795,Simulation6.3,0.1669365962346395,235,Rep543,53,1658.0
796,Simulation6.3,0.17380998134613038,139,Rep702,24,758.0
797,Simulation6.3,1.1902870933214824,2443,Rep240,553,3156.3529411764707
798,Simulation6.3,1.0096877018610637,2851,Rep351,598,3205.230769230769
799,Simulation6.3,0.7285653392473856,1099,Rep420,369,3508.846153846154
800,Simulation6.3,0.32613935073216754,547,Rep615,153,3356.0
801,Simulation6.3,1.1764843503634135,2875,Rep635,664,2693.2083333333335
802,Simulation6.3,0.6691839814186096,1483,Rep661,396,3119.909090909091
803,Simulation6.3,0.8802347858746846,3067,Rep214,477,2850.9444444444443
804,Simulation6.3,0.7337763428688049,1579,Rep416,364,2623.6666666666665
805,Simulation6.3,0.1567792256673177,139,Rep698,39,2380.0
806,Simulation6.3,0.16993217468261718,619,Rep46,81,2669.2
807,Simulation6.3,0.9094663619995117,2011,Rep121,492,2757.125
808,Simulation6.3,0.1711098035176595,1099,Rep628,99,2192.0
809,Simulation6.3,0.1663461128870646,643,Rep161,63,3296.5
810,Simulation6.3,0.39749481280644733,547,Rep433,148,3237.6666666666665
811,Simulation6.3,0.5230759183565775,763,Rep384,299,2675.285714285714
812,Simulation6.3,0.16447168588638306,331,Rep40,18,2098.5
813,Simulation6.3,1.1694984833399455,3019,Rep238,669,3072.1111111111113
814,Simulation6.3,0.6741751790046692,1027,Rep884,352,2522.714285714286
815,Simulation6.3,0.33057527939478554,715,Rep130,185,2891.0
816,Simulation6.3,0.17947017749150593,187,Rep346,69,2372.0
817,Simulation6.3,1.0522451281547547,1579,Rep455,594,2481.5789473684213
818,Simulation6.3,2.6092496315638223,4387,Rep70,1083,3200.0285714285715
819,Simulation6.3,0.34162152210871377,1555,Rep476,122,2571.0
820,Simulation6.3,0.348638109366099,379,Rep67,199,4318.75
821,Simulation6.3,0.5012023409207662,307,Rep894,258,3052.0
822,Simulation6.3,0.16582433780034384,403,Rep195,41,3127.0
823,Simulation6.3,0.4965501308441162,739,Rep793,275,3455.8571428571427
824,Simulation6.3,0.32491081953048706,379,Rep919,163,2689.8
825,Simulation6.3,1.8899551113446553,2947,Rep580,1011,2834.24
826,Simulation6.3,0.1690511663754781,403,Rep285,86,3461.2
827,Simulation6.3,0.6019910534222921,547,Rep142,261,2374.0
828,Simulation6.3,0.32396161556243896,667,Rep636,122,2169.6
829,Simulation6.3,0.17474879821141562,403,Rep877,89,3065.0
830,Simulation6.3,0.9985062678654989,2539,Rep561,595,2951.6206896551726
831,Simulation6.3,0.16479956706364948,307,Rep139,61,3776.5
832,Simulation6.3,0.6689445495605468,931,Rep703,353,3025.0
833,Simulation6.3,0.80760684410731,1963,Rep613,457,2513.5625
834,Simulation6.3,1.0415469447771708,1771,Rep358,592,3002.3529411764707
835,Simulation6.3,0.3274281938870748,619,Rep880,141,3409.25
836,Simulation6.3,0.5272790948549907,619,Rep536,298,2761.8333333333335
837,Simulation6.3,2.700053560733795,6211,Rep692,1498,3274.245614035088
838,Simulation6.3,1.4337840994199118,2779,Rep406,734,3069.16
839,Simulation6.3,0.6729995965957641,499,Rep833,210,2393.8
840,Simulation6.3,0.3307705839474996,1267,Rep332,158,2917.0
841,Simulation6.3,0.5093491156895955,1195,Rep871,241,2421.7
842,Simulation6.3,2.040555715560913,2755,Rep17,669,3216.681818181818
843,Simulation6.3,0.3382362127304077,1531,Rep784,161,2728.25
844,Simulation6.3,2.1857640027999876,6859,Rep638,1294,3088.265306122449
845,Simulation6.3,0.5430338462193807,2347,Rep885,288,2884.5714285714284
846,Simulation6.3,0.688242252667745,835,Rep360,328,2586.181818181818
847,Simulation6.3,1.2513834754625957,3403,Rep707,637,2792.0
848,Simulation6.3,4.770076608657837,9139,Rep99,1481,3091.309090909091
849,Simulation6.3,0.16553961435953776,307,Rep865,75,2698.5
850,Simulation6.3,0.17692850033442178,499,Rep83,69,3691.6666666666665
851,Simulation6.3,0.3412984053293864,595,Rep329,154,1981.75
852,Simulation6.3,0.3775383512179057,595,Rep34,104,2896.3333333333335
853,Simulation6.3,0.17312832276026408,1291,Rep226,84,3050.285714285714
854,Simulation6.3,1.890019965171814,1531,Rep149,292,3015.090909090909
855,Simulation6.3,0.3951728264490763,523,Rep59,171,2844.75
856,Simulation6.3,0.49716771046320596,2179,Rep924,258,3057.9523809523807
857,Simulation6.3,0.7045501550038655,1891,Rep673,390,3114.230769230769
858,Simulation6.3,0.16824268500010173,547,Rep857,58,2373.6666666666665
859,Simulation6.3,0.5011367201805115,571,Rep699,271,2797.6
860,Simulation6.3,1.1286200722058615,2011,Rep123,464,2897.4117647058824
861,Simulation6.3,0.16757078568140665,139,Rep38,78,2434.0
862,Simulation6.3,1.2035274505615234,2419,Rep600,696,3028.3636363636365
863,Simulation6.3,0.2104893406232198,523,Rep246,79,3594.8
864,Simulation6.3,0.1698373516400655,739,Rep484,85,3456.6666666666665
865,Simulation6.3,1.2391971786816915,643,Rep3,118,3077.0
866,Simulation6.3,0.17192578713099163,211,Rep453,47,2686.0
867,Simulation6.3,0.1658665935198466,979,Rep618,83,3033.5
868,Simulation6.3,0.3608006199200948,1099,Rep355,179,2924.1666666666665
869,Simulation6.3,0.16793539524078369,235,Rep795,68,2000.0
870,Simulation6.3,0.3436827421188354,1387,Rep480,188,2780.8571428571427
871,Simulation6.3,1.4185007294019063,2347,Rep405,783,3165.4583333333335
872,Simulation6.3,0.3410079002380371,955,Rep664,163,2664.2
873,Simulation6.3,0.9236096700032552,1963,Rep523,443,3374.0
874,Simulation6.3,0.34911741813023883,931,Rep505,161,2960.6
875,Simulation6.3,1.019835654894511,2971,Rep969,533,3092.0
876,Simulation6.3,0.1678972840309143,595,Rep301,89,2642.5
877,Simulation6.3,0.9130722204844157,1747,Rep426,484,2710.230769230769
878,Simulation6.3,0.1631089448928833,139,Rep257,51,921.0
879,Simulation6.3,0.16780792872111003,163,Rep297,10,2166.5
880,Simulation6.3,0.6756844798723857,2587,Rep361,383,3321.7391304347825
881,Simulation6.3,1.3847889026006064,4195,Rep216,794,2996.735294117647
882,Simulation6.3,0.38534032106399535,427,Rep806,118,3059.6666666666665
883,Simulation6.3,0.16380635102589924,619,Rep669,62,3053.6666666666665
884,Simulation6.3,1.0919183611869812,4507,Rep432,587,2965.464285714286
885,Simulation6.3,0.17134676774342855,139,Rep945,72,572.0
886,Simulation6.3,1.7407890995343527,4939,Rep756,983,2855.3333333333335
887,Simulation6.3,1.0910077571868897,1219,Rep411,571,3146.75
888,Simulation6.3,0.17030834754308063,331,Rep606,76,2593.2
889,Simulation6.3,0.33610721429189044,355,Rep697,194,2775.0
890,Simulation6.3,3.3749436934789023,3763,Rep181,585,2824.52
891,Simulation6.3,1.3406559030214946,2347,Rep234,795,2942.6923076923076
892,Simulation6.3,0.35727396806081135,1051,Rep522,131,3174.3333333333335
893,Simulation6.3,0.6642099976539612,3883,Rep893,399,2652.5
894,Simulation6.3,1.0606803178787232,2347,Rep820,588,3381.3529411764707
895,Simulation6.3,0.8390514095624287,1459,Rep236,492,2448.764705882353
896,Simulation6.3,0.17025065422058105,307,Rep485,37,1656.0
897,Simulation6.3,0.3613804499308268,523,Rep395,178,2829.0
898,Simulation6.3,0.33172828356424966,667,Rep244,188,2846.0
899,Simulation6.3,2.3923558990160623,5755,Rep888,1368,3082.3777777777777
900,Simulation6.3,0.1703747034072876,547,Rep502,54,2708.4
901,Simulation6.3,0.6715832392374674,1315,Rep879,371,3215.5454545454545
902,Simulation6.3,0.7412911176681518,883,Rep127,169,3578.6666666666665
903,Simulation6.3,0.1750630259513855,403,Rep431,95,3601.8
904,Simulation6.3,1.975217882792155,4267,Rep273,1089,3300.0
905,Simulation6.3,0.1700828234354655,163,Rep519,37,3004.0
906,Simulation6.3,0.5072848757108053,931,Rep269,247,3291.8571428571427
907,Simulation6.3,0.8993393858273824,3043,Rep608,436,2715.0
908,Simulation6.3,0.5213274200757344,955,Rep245,270,3401.25
909,Simulation6.3,0.6704439640045166,1027,Rep625,369,2856.6
910,Simulation6.3,0.1743851661682129,139,Rep153,69,1542.0
911,Simulation6.3,0.17851627667744954,907,Rep513,78,3081.6666666666665
912,Simulation6.3,1.2238946278889975,2491,Rep815,618,3191.681818181818
913,Simulation6.3,1.222459900379181,2059,Rep870,652,3452.15
914,Simulation6.3,0.3345884005228678,403,Rep920,153,2911.777777777778
915,Simulation6.3,0.16050930420557658,139,Rep641,23,4784.0
916,Simulation6.3,0.6116846164067586,1123,Rep284,287,3334.0
917,Simulation6.3,1.2463277578353882,1771,Rep445,661,3371.190476190476
918,Simulation6.3,0.33467379411061604,379,Rep791,133,2273.25
919,Simulation6.3,0.6817927241325379,2347,Rep131,385,3208.294117647059
920,Simulation6.3,2.7418949802716575,3259,Rep63,999,2883.923076923077
921,Simulation6.3,0.17921160459518432,859,Rep165,83,2143.25
922,Simulation6.3,0.5753108700116475,1171,Rep146,257,3711.1428571428573
923,Simulation6.3,0.336115825176239,571,Rep811,156,3354.4285714285716
924,Simulation6.3,0.16312222878138224,355,Rep21,85,2129.0
925,Simulation6.3,0.3393935163815816,427,Rep299,189,2826.8571428571427
926,Simulation6.3,0.7245717883110047,2875,Rep292,399,3264.0476190476193
927,Simulation6.3,0.32240047454833987,427,Rep662,173,2345.6
928,Simulation6.3,0.33541125853856407,355,Rep339,185,1747.5
929,Simulation6.3,0.3430590907732646,571,Rep190,171,3557.0
930,Simulation6.3,0.37054704427719115,475,Rep217,198,3171.0
931,Simulation6.3,0.3364649216334025,739,Rep825,122,2823.8
932,Simulation6.3,1.0695260008176168,3451,Rep531,536,3526.521739130435
933,Simulation6.3,0.5234692414601644,907,Rep582,293,2600.3333333333335
934,Simulation6.3,1.3316848119099935,931,Rep188,287,3535.3333333333335
935,Simulation6.3,1.1986505428949992,2779,Rep761,674,3118.1153846153848
936,Simulation6.3,0.6673702518145244,2467,Rep542,363,2894.2105263157896
937,Simulation6.3,0.16676964362462363,283,Rep111,42,2150.6666666666665
938,Simulation6.3,0.3323983589808146,691,Rep953,136,3398.2
939,Simulation6.3,0.848315711816152,1363,Rep850,456,3584.470588235294
940,Simulation6.3,0.5270829200744629,595,Rep552,264,3926.8
941,Simulation6.3,2.5358237942059834,5971,Rep385,1392,3097.156862745098
942,Simulation6.3,0.6640722910563152,2419,Rep947,321,2935.8
943,Simulation6.3,0.16529154777526855,139,Rep293,80,1344.0
944,Simulation6.3,1.7094153046607972,4051,Rep614,1000,3013.2432432432433
945,Simulation6.3,0.18498687744140624,331,Rep900,52,2615.5
946,Simulation6.3,2.1609784364700317,3739,Rep233,1193,2926.037037037037
947,Simulation6.3,1.6665129899978637,3955,Rep562,978,2855.0
948,Simulation6.3,1.2140637795130411,2131,Rep198,639,3212.0
949,Simulation6.3,0.16745580434799195,211,Rep205,98,1587.0
950,Simulation6.3,0.899028213818868,1675,Rep456,490,2884.8571428571427
951,Simulation6.3,0.4903724590937297,1123,Rep627,295,2360.0
952,Simulation6.3,0.5142033894856771,1507,Rep823,277,3109.3333333333335
953,Simulation6.3,0.8452033519744873,3259,Rep232,470,3061.1052631578946
954,Simulation6.3,0.8487487395604452,2323,Rep750,480,2608.769230769231
955,Simulation6.3,0.8330528299013774,1555,Rep863,436,3281.8823529411766
956,Simulation6.3,0.8155994892120362,1843,Rep637,471,3416.4615384615386
957,Simulation6.3,0.1672439734141032,283,Rep113,26,2869.5
958,Simulation6.3,0.9950946966807047,2059,Rep380,553,3259.3
959,Simulation6.3,0.1703820864359538,139,Rep305,71,2200.0
960,Simulation6.3,0.42322248220443726,835,Rep97,191,3289.375
961,Simulation6.3,0.16613591114679974,907,Rep796,67,2793.0
962,Simulation6.3,0.33923909266789753,403,Rep376,195,3098.4
963,Simulation6.3,1.0298900842666625,3091,Rep124,400,3340.4285714285716
964,Simulation6.3,0.8614339590072632,2587,Rep287,487,2864.1428571428573
965,Simulation6.3,2.0533912936846415,3835,Rep465,1099,2831.535714285714
966,Simulation6.3,0.16574180920918782,763,Rep876,71,3124.0
967,Simulation6.3,1.3765400489171347,2563,Rep312,740,3385.0384615384614
968,Simulation6.3,0.16349737246831259,187,Rep762,91,3193.0
969,Simulation6.3,0.19165037075678507,1195,Rep612,69,3110.6666666666665
970,Simulation6.3,0.5023858229319255,691,Rep100,241,3165.8333333333335
971,Simulation6.3,1.3718299428621927,4315,Rep564,764,3089.4814814814813
972,Simulation6.3,0.16565966208775837,355,Rep15,99,1597.0
973,Simulation6.3,0.5891837159792582,667,Rep179,163,1826.0
974,Simulation6.3,0.3539832909901937,667,Rep594,172,2523.8333333333335
975,Simulation6.3,0.34753706455230715,259,Rep537,178,3365.5
976,Simulation6.3,0.1863535722096761,331,Rep658,90,2158.5
977,Simulation6.3,0.37900804678599037,1219,Rep704,151,3360.8571428571427
978,Simulation6.3,0.3489696184794108,1195,Rep412,164,3355.0
979,Simulation6.3,0.16047541300455728,211,Rep763,85,1954.5
980,Simulation6.3,0.5326767722765605,1699,Rep528,269,2827.3636363636365
981,Simulation6.3,0.1662468155225118,451,Rep255,28,1629.0
982,Simulation6.3,1.4895418405532836,3427,Rep643,804,2973.8518518518517
983,Simulation6.3,0.34957272609074913,1699,Rep904,191,2795.75
984,Simulation6.3,0.4938198208808899,715,Rep800,205,3376.0
985,Simulation6.3,0.34867859284083047,427,Rep151,192,3746.0
986,Simulation6.3,1.5149822592735291,2779,Rep803,869,3100.875
987,Simulation6.3,0.5085068702697754,883,Rep208,236,2758.6
988,Simulation6.3,1.3510474880536398,3259,Rep644,790,3205.8888888888887
989,Simulation6.3,0.3621663252512614,1579,Rep166,189,3191.9
990,Simulation6.3,0.1830840309460958,163,Rep441,49,3004.0
991,Simulation6.3,0.4344791213671366,163,Rep119,150,2242.0
992,Simulation6.3,0.17099038362503052,211,Rep288,41,1705.0
993,Simulation6.3,0.1749617060025533,139,Rep617,53,4416.0
994,Simulation6.3,0.37102517286936443,451,Rep553,189,2477.0
995,Simulation6.3,0.32479195992151894,787,Rep687,136,2463.5
996,Simulation6.3,0.16362746159235636,139,Rep43,4,4013.0
997,Simulation6.3,0.16974209547042846,211,Rep272,85,3478.0
998,Simulation6.3,0.16891204118728637,1219,Rep230,73,3670.875
999,Simulation6.3,0.1770930767059326,187,Rep785,4,3132.0
